HPV1REF.1	E6	104	526
HPV1REF.1	E7	529	810
HPV1REF.1	E1	812	2650
HPV1REF.1	E2	2592	3797
HPV1REF.1	L2	3898	5421
HPV1REF.1	L1	5432	6940
HPV2REF.1	E6	107	568
HPV2REF.1	E7	529	807
HPV2REF.1	E1	812	2743
HPV2REF.1	E2	2685	3860
HPV2REF.1	E5_BETA	4164	4310
HPV2REF.1	L2	4403	5809
HPV2REF.1	L1	5790	7274
HPV3REF.1	E6	114	560
HPV3REF.1	E7	536	799
HPV3REF.1	E1	806	2785
HPV3REF.1	E2	2727	3878
HPV3REF.1	E5_BETA	4089	4232
HPV3REF.1	L2	4349	5770
HPV3REF.1	L1	5751	7265
HPV4REF.1	E6	102	524
HPV4REF.1	E7	521	823
HPV4REF.1	E1	813	2612
HPV4REF.1	E2	2554	3762
HPV4REF.1	L2	3764	5329
HPV4REF.1	L1	5345	6895
HPV5REF.1	E6	200	673
HPV5REF.1	E7	663	974
HPV5REF.1	E1	961	2781
HPV5REF.1	E2	2723	4267
HPV5REF.1	L2	4348	5904
HPV5REF.1	L1	5917	7467
HPV6REF.1	E6	102	554
HPV6REF.1	E7	530	826
HPV6REF.1	E1	832	2781
HPV6REF.1	E2	2723	3829
HPV6REF.1	E5_GAMMA	3887	4162
HPV6REF.1	E5_DELTA	4159	4377
HPV6REF.1	L2	4423	5802
HPV6REF.1	L1	5789	7291
HPV7REF.1	E6	102	566
HPV7REF.1	E7	527	862
HPV7REF.1	E1	868	2808
HPV7REF.1	E2	2750	3877
HPV7REF.1	E5_DELTA	4248	4379
HPV7REF.1	L2	4426	5811
HPV7REF.1	L1	5798	7315
HPV8REF.1	E6	196	663
HPV8REF.1	E7	653	964
HPV8REF.1	E1	951	2762
HPV8REF.1	E2	2704	4200
HPV8REF.1	L2	4281	5837
HPV8REF.1	L1	5851	7395
HPV9REF.1	E6	221	646
HPV9REF.1	E7	643	924
HPV9REF.1	E1	917	2734
HPV9REF.1	E2	2676	4061
HPV9REF.1	L2	4129	5730
HPV9REF.1	L1	5745	7268
HPV10REF.1	E6	102	548
HPV10REF.1	E7	524	784
HPV10REF.1	E1	791	2836
HPV10REF.1	E2	2778	3908
HPV10REF.1	E5_BETA	4147	4290
HPV10REF.1	L2	4430	5842
HPV10REF.1	L1	5823	7334
HPV11REF.1	E6	102	554
HPV11REF.1	E7	530	826
HPV11REF.1	E1	832	2781
HPV11REF.1	E2	2723	3826
HPV11REF.1	E5_GAMMA	3871	4146
HPV11REF.1	E5_DELTA	4146	4370
HPV11REF.1	L2	4417	5784
HPV11REF.1	L1	5771	7276
HPV12REF.1	E6	200	673
HPV12REF.1	E7	663	974
HPV12REF.1	E1	961	2775
HPV12REF.1	E2	2717	4201
HPV12REF.1	L2	4276	5832
HPV12REF.1	L1	5844	7397
HPV13REF.1	E6	104	556
HPV13REF.1	E7	532	837
HPV13REF.1	E1	843	2783
HPV13REF.1	E2	2725	3858
HPV13REF.1	E5_GAMMA	3908	4183
HPV13REF.1	E5_DELTA	4193	4330
HPV13REF.1	L2	4364	5755
HPV13REF.1	L1	5742	7241
HPV14REF.1	E6	196	720
HPV14REF.1	E7	710	1018
HPV14REF.1	E1	1005	2822
HPV14REF.1	E2	2764	4215
HPV14REF.1	L2	4302	5861
HPV14REF.1	L1	5877	7433
HPV15REF.1	E6	200	625
HPV15REF.1	E7	622	903
HPV15REF.1	E1	896	2704
HPV15REF.1	E2	2646	4016
HPV15REF.1	L2	4091	5692
HPV15REF.1	L1	5704	7227
HPV16REF.1	E6	104	559
HPV16REF.1	E7	562	858
HPV16REF.1	E1	865	2814
HPV16REF.1	E2	2756	3853
HPV16REF.1	E5_ALPHA	3850	4101
HPV16REF.1	L2	4237	5658
HPV16REF.1	L1	5639	7156
HPV17REF.1	E6	200	625
HPV17REF.1	E7	622	909
HPV17REF.1	E1	902	2731
HPV17REF.1	E2	2673	4031
HPV17REF.1	L2	4101	5711
HPV17REF.1	L1	5723	7246
HPV18REF.1	E6	105	581
HPV18REF.1	E7	590	907
HPV18REF.1	E1	914	2887
HPV18REF.1	E2	2817	3914
HPV18REF.1	E5_ALPHA	3936	4157
HPV18REF.1	L2	4244	5632
HPV18REF.1	L1	5613	7136
HPV19REF.1	E6	200	700
HPV19REF.1	E7	690	998
HPV19REF.1	E1	985	2799
HPV19REF.1	E2	2741	4222
HPV19REF.1	L2	4285	5847
HPV19REF.1	L1	5861	7414
HPV20REF.1	E6	200	697
HPV20REF.1	E7	697	1005
HPV20REF.1	E1	992	2809
HPV20REF.1	E2	2751	4244
HPV20REF.1	L2	4321	5877
HPV20REF.1	L1	5893	7443
HPV21REF.1	E6	200	706
HPV21REF.1	E7	706	1011
HPV21REF.1	E1	998	2809
HPV21REF.1	E2	2751	4262
HPV21REF.1	L2	4351	5913
HPV21REF.1	L1	5929	7485
HPV22REF.1	E6	221	646
HPV22REF.1	E7	643	945
HPV22REF.1	E1	932	2758
HPV22REF.1	E2	2700	4010
HPV22REF.1	L2	4077	5651
HPV22REF.1	L1	5662	7194
HPV23REF.1	E6	248	673
HPV23REF.1	E7	670	963
HPV23REF.1	E1	950	2773
HPV23REF.1	E2	2715	4010
HPV23REF.1	L2	4090	5649
HPV23REF.1	L1	5660	7180
HPV24REF.1	E6	200	622
HPV24REF.1	E7	622	912
HPV24REF.1	E1	899	2722
HPV24REF.1	E2	2664	4067
HPV24REF.1	L2	4132	5703
HPV24REF.1	L1	5713	7251
HPV25REF.1	E6	200	685
HPV25REF.1	E7	675	983
HPV25REF.1	E1	970	2784
HPV25REF.1	E2	2726	4234
HPV25REF.1	L2	4311	5873
HPV25REF.1	L1	5889	7442
HPV26REF.1	E6	97	549
HPV26REF.1	E7	556	870
HPV26REF.1	E1	878	2794
HPV26REF.1	E2	2736	3863
HPV26REF.1	L2	4189	5607
HPV26REF.1	L1	5588	7099
HPV27REF.1	E6	117	578
HPV27REF.1	E7	539	817
HPV27REF.1	E1	822	2753
HPV27REF.1	E2	2695	3861
HPV27REF.1	E5_BETA	4160	4306
HPV27REF.1	L2	4389	5783
HPV27REF.1	L1	5764	7254
HPV28REF.1	E6	102	542
HPV28REF.1	E7	518	781
HPV28REF.1	E1	788	2776
HPV28REF.1	E2	2718	3848
HPV28REF.1	E5_BETA	4069	4212
HPV28REF.1	L2	4338	5759
HPV28REF.1	L1	5740	7248
HPV29REF.1	E6	102	548
HPV29REF.1	E7	524	796
HPV29REF.1	E1	803	2785
HPV29REF.1	E2	2727	3893
HPV29REF.1	E5_BETA	4102	4245
HPV29REF.1	L2	4411	5832
HPV29REF.1	L1	5813	7324
HPV30REF.1	E6	102	563
HPV30REF.1	E7	566	883
HPV30REF.1	E1	890	2785
HPV30REF.1	E2	2727	3863
HPV30REF.1	L2	4280	5671
HPV30REF.1	L1	5652	7157
HPV31REF.1	E6	108	557
HPV31REF.1	E7	560	856
HPV31REF.1	E1	862	2751
HPV31REF.1	E2	2693	3811
HPV31REF.1	E5_ALPHA	3816	4070
HPV31REF.1	L2	4171	5571
HPV31REF.1	L1	5552	7066
HPV32REF.1	E6	102	530
HPV32REF.1	E7	530	844
HPV32REF.1	E1	850	2778
HPV32REF.1	E2	2720	3904
HPV32REF.1	L2	4461	5891
HPV32REF.1	L1	5872	7383
HPV33REF.1	E6	109	558
HPV33REF.1	E7	573	866
HPV33REF.1	E1	879	2813
HPV33REF.1	E2	2749	3810
HPV33REF.1	E5_ALPHA	3854	4081
HPV33REF.1	L2	4210	5613
HPV33REF.1	L1	5594	7093
HPV34REF.1	E6	102	548
HPV34REF.1	E7	551	844
HPV34REF.1	E1	851	2794
HPV34REF.1	E2	2733	3770
HPV34REF.1	E5_ALPHA	3825	4049
HPV34REF.1	L2	4106	5524
HPV34REF.1	L1	5508	7016
HPV35REF.1	E6	110	559
HPV35REF.1	E7	562	861
HPV35REF.1	E1	868	2781
HPV35REF.1	E2	2714	3817
HPV35REF.1	E5_ALPHA	3814	4065
HPV35REF.1	L2	4211	5620
HPV35REF.1	L1	5601	7109
HPV36REF.1	E6	200	673
HPV36REF.1	E7	663	971
HPV36REF.1	E1	958	2772
HPV36REF.1	E2	2714	4243
HPV36REF.1	L2	4321	5877
HPV36REF.1	L1	5891	7441
HPV37REF.1	E6	200	625
HPV37REF.1	E7	622	906
HPV37REF.1	E1	899	2728
HPV37REF.1	E2	2670	4034
HPV37REF.1	L2	4099	5703
HPV37REF.1	L1	5716	7239
HPV38REF.1	E6	200	625
HPV38REF.1	E7	622	924
HPV38REF.1	E1	911	2725
HPV38REF.1	E2	2667	3992
HPV38REF.1	L2	4067	5650
HPV38REF.1	L1	5661	7193
HPV39REF.1	E6	107	583
HPV39REF.1	E7	592	921
HPV39REF.1	E1	928	2871
HPV39REF.1	E2	2798	3910
HPV39REF.1	E5_ALPHA	3958	4176
HPV39REF.1	L2	4250	5662
HPV39REF.1	L1	5643	7160
HPV40REF.1	E6	102	566
HPV40REF.1	E7	527	862
HPV40REF.1	E1	868	2811
HPV40REF.1	E2	2753	3865
HPV40REF.1	E5_DELTA	4210	4341
HPV40REF.1	L2	4389	5792
HPV40REF.1	L1	5779	7296
HPV41REF.1	E6	102	572
HPV41REF.1	E7	551	988
HPV41REF.1	E1	951	2795
HPV41REF.1	E2	2728	3891
HPV41REF.1	L2	3910	5574
HPV41REF.1	L1	5546	7087
HPV42REF.1	E6	114	566
HPV42REF.1	E7	542	823
HPV42REF.1	E1	829	2760
HPV42REF.1	E2	2702	3898
HPV42REF.1	L2	4423	5856
HPV42REF.1	L1	5837	7345
HPV43REF.1	E6	102	569
HPV43REF.1	E7	530	829
HPV43REF.1	E1	835	2802
HPV43REF.1	E2	2744	3859
HPV43REF.1	E5_DELTA	4216	4350
HPV43REF.1	L2	4379	5770
HPV43REF.1	L1	5757	7268
HPV44REF.1	E6	105	557
HPV44REF.1	E7	533	826
HPV44REF.1	E1	832	2763
HPV44REF.1	E2	2705	3838
HPV44REF.1	E5_GAMMA	3874	4152
HPV44REF.1	E5_DELTA	4161	4292
HPV44REF.1	L2	4325	5707
HPV44REF.1	L1	5694	7196
HPV45REF.1	E6	102	578
HPV45REF.1	E7	587	907
HPV45REF.1	E1	914	2845
HPV45REF.1	E2	2769	3875
HPV45REF.1	E5_ALPHA	3909	4130
HPV45REF.1	L2	4236	5627
HPV45REF.1	L1	5608	7149
HPV47REF.1	E6	208	678
HPV47REF.1	E7	668	979
HPV47REF.1	E1	966	2783
HPV47REF.1	E2	2725	4245
HPV47REF.1	L2	4334	5890
HPV47REF.1	L1	5903	7447
HPV48REF.1	E6	102	530
HPV48REF.1	E7	517	798
HPV48REF.1	E1	785	2566
HPV48REF.1	E2	2493	3683
HPV48REF.1	L2	3683	5191
HPV48REF.1	L1	5202	6743
HPV49REF.1	E6	200	616
HPV49REF.1	E7	613	924
HPV49REF.1	E1	911	2740
HPV49REF.1	E2	2682	4148
HPV49REF.1	L2	4233	5798
HPV49REF.1	L1	5811	7340
HPV50REF.1	E6	102	527
HPV50REF.1	E7	517	798
HPV50REF.1	E1	785	2584
HPV50REF.1	E2	2508	3698
HPV50REF.1	L2	3698	5218
HPV50REF.1	L1	5231	6778
HPV51REF.1	E6	97	552
HPV51REF.1	E7	560	865
HPV51REF.1	E1	874	2778
HPV51REF.1	E2	2720	3796
HPV51REF.1	L2	4134	5540
HPV51REF.1	L1	5521	7035
HPV52REF.1	E6	102	548
HPV52REF.1	E7	553	852
HPV52REF.1	E1	864	2807
HPV52REF.1	E2	2743	3849
HPV52REF.1	E5_ALPHA	3933	4160
HPV52REF.1	L2	4262	5662
HPV52REF.1	L1	5643	7154
HPV53REF.1	E6	102	566
HPV53REF.1	E7	569	886
HPV53REF.1	E1	892	2802
HPV53REF.1	E2	2744	3898
HPV53REF.1	L2	4286	5677
HPV53REF.1	L1	5658	7157
HPV54REF.1	E6	102	536
HPV54REF.1	E7	536	823
HPV54REF.1	E1	828	2729
HPV54REF.1	E2	2671	3774
HPV54REF.1	E5	3951	4127
HPV54REF.1	L2	4215	5627
HPV54REF.1	L1	5608	7107
HPV56REF.1	E6	102	569
HPV56REF.1	E7	572	889
HPV56REF.1	E1	895	2805
HPV56REF.1	E2	2747	3862
HPV56REF.1	L2	4223	5617
HPV56REF.1	L1	5598	7097
HPV57REF.1	E6	105	566
HPV57REF.1	E7	527	805
HPV57REF.1	E1	810	2741
HPV57REF.1	E2	2683	3834
HPV57REF.1	E5_BETA	4129	4269
HPV57REF.1	L2	4373	5770
HPV57REF.1	L1	5751	7235
HPV58REF.1	E6	110	559
HPV58REF.1	E7	574	870
HPV58REF.1	E1	883	2817
HPV58REF.1	E2	2753	3829
HPV58REF.1	E5_ALPHA	3892	4122
HPV58REF.1	L2	4244	5662
HPV58REF.1	L1	5643	7139
HPV59REF.1	E6	55	537
HPV59REF.1	E7	542	865
HPV59REF.1	E1	872	2806
HPV59REF.1	E2	2736	3848
HPV59REF.1	E5_ALPHA	3908	4129
HPV59REF.1	L2	4231	5625
HPV59REF.1	L1	5606	7132
HPV60REF.1	E6	102	530
HPV60REF.1	E7	527	817
HPV60REF.1	E1	804	2636
HPV60REF.1	E2	2572	3786
HPV60REF.1	L2	3807	5384
HPV60REF.1	L1	5395	6921
HPV61REF.1	E6	102	542
HPV61REF.1	E7	518	805
HPV61REF.1	E1	811	2769
HPV61REF.1	E2	2705	3853
HPV61REF.1	E5_BETA	4195	4326
HPV61REF.1	L2	4407	5786
HPV61REF.1	L1	5764	7281
HPV62REF.1	E6	1	447
HPV62REF.1	E7	423	713
HPV62REF.1	E1	719	2677
HPV62REF.1	E2	2619	3758
HPV62REF.1	E5_BETA	4136	4276
HPV62REF.1	L2	4372	5799
HPV62REF.1	L1	5777	7288
HPV63REF.1	E6	102	527
HPV63REF.1	E7	554	820
HPV63REF.1	E1	822	2678
HPV63REF.1	E2	2620	3816
HPV63REF.1	L2	3846	5360
HPV63REF.1	L1	5371	6894
HPV65REF.1	E6	102	524
HPV65REF.1	E7	521	817
HPV65REF.1	E1	807	2603
HPV65REF.1	E2	2545	3753
HPV65REF.1	L2	3755	5311
HPV65REF.1	L1	5326	6876
HPV66REF.1	E6	102	569
HPV66REF.1	E7	572	889
HPV66REF.1	E1	895	2787
HPV66REF.1	E2	2729	3838
HPV66REF.1	L2	4272	5666
HPV66REF.1	L1	5647	7158
HPV67REF.1	E6	102	551
HPV67REF.1	E7	563	862
HPV67REF.1	E1	875	2785
HPV67REF.1	E2	2721	3827
HPV67REF.1	E5_ALPHA	3900	4121
HPV67REF.1	L2	4238	5635
HPV67REF.1	L1	5616	7118
HPV68REF.1	E6	1	477
HPV68REF.1	E7	484	816
HPV68REF.1	E1	823	2745
HPV68REF.1	E2	2672	3784
HPV68REF.1	E5_ALPHA	3830	4051
HPV68REF.1	L2	4098	5507
HPV68REF.1	L1	5488	7005
HPV69REF.1	E6	102	557
HPV69REF.1	E7	564	878
HPV69REF.1	E1	886	2790
HPV69REF.1	E2	2732	3838
HPV69REF.1	L2	4157	5560
HPV69REF.1	L1	5541	7064
HPV70REF.1	E6	107	583
HPV70REF.1	E7	592	921
HPV70REF.1	E1	928	2886
HPV70REF.1	E2	2813	3895
HPV70REF.1	E5_ALPHA	3909	4145
HPV70REF.1	L2	4209	5609
HPV70REF.1	L1	5590	7104
HPV71REF.1	E6	126	572
HPV71REF.1	E7	548	832
HPV71REF.1	E1	838	2766
HPV71REF.1	E2	2708	3862
HPV71REF.1	E5_BETA	4188	4331
HPV71REF.1	L2	4447	5856
HPV71REF.1	L1	5837	7360
HPV72REF.1	E6	102	548
HPV72REF.1	E7	524	826
HPV72REF.1	E1	832	2784
HPV72REF.1	E2	2720	3874
HPV72REF.1	E5_BETA	4178	4309
HPV72REF.1	L2	4410	5810
HPV72REF.1	L1	5788	7308
HPV73REF.1	E6	102	548
HPV73REF.1	E7	550	843
HPV73REF.1	E1	850	2802
HPV73REF.1	E2	2741	3793
HPV73REF.1	E5_ALPHA	3813	4037
HPV73REF.1	L2	4083	5510
HPV73REF.1	L1	5494	7005
HPV74REF.1	E6	1	453
HPV74REF.1	E7	429	716
HPV74REF.1	E1	721	2643
HPV74REF.1	E2	2585	3730
HPV74REF.1	E5_GAMMA	3762	4037
HPV74REF.1	E5_DELTA	4046	4177
HPV74REF.1	L2	4210	5604
HPV74REF.1	L1	5591	7099
HPV75REF.1	E6	200	616
HPV75REF.1	E7	613	918
HPV75REF.1	E1	905	2734
HPV75REF.1	E2	2676	4130
HPV75REF.1	L2	4193	5758
HPV75REF.1	L1	5771	7300
HPV76REF.1	E6	200	616
HPV76REF.1	E7	613	918
HPV76REF.1	E1	905	2734
HPV76REF.1	E2	2676	4157
HPV76REF.1	L2	4221	5786
HPV76REF.1	L1	5799	7328
HPV77REF.1	E6	102	548
HPV77REF.1	E7	524	796
HPV77REF.1	E1	803	2788
HPV77REF.1	E2	2730	3893
HPV77REF.1	E5_BETA	4106	4249
HPV77REF.1	L2	4387	5808
HPV77REF.1	L1	5789	7300
HPV78REF.1	E6	104	550
HPV78REF.1	E7	526	789
HPV78REF.1	E1	796	2778
HPV78REF.1	E2	2720	3856
HPV78REF.1	E5_BETA	4056	4199
HPV78REF.1	L2	4336	5760
HPV78REF.1	L1	5741	7255
HPV80REF.1	E6	200	625
HPV80REF.1	E7	622	903
HPV80REF.1	E1	896	2713
HPV80REF.1	E2	2655	4034
HPV80REF.1	L2	4105	5706
HPV80REF.1	L1	5718	7241
HPV81REF.1	E6	120	566
HPV81REF.1	E7	542	838
HPV81REF.1	E1	844	2796
HPV81REF.1	E2	2738	3874
HPV81REF.1	E5_BETA	4249	4389
HPV81REF.1	L2	4462	5880
HPV81REF.1	L1	5858	7372
HPV82REF.1	E6	102	557
HPV82REF.1	E7	565	867
HPV82REF.1	E1	876	2804
HPV82REF.1	E2	2746	3825
HPV82REF.1	L2	4168	5589
HPV82REF.1	L1	5570	7081
HPV83REF.1	E6	1	444
HPV83REF.1	E7	420	713
HPV83REF.1	E1	718	2673
HPV83REF.1	E2	2615	3757
HPV83REF.1	E5_BETA	4112	4255
HPV83REF.1	L2	4349	5764
HPV83REF.1	L1	5742	7253
HPV84REF.1	E6	1	447
HPV84REF.1	E7	423	713
HPV84REF.1	E1	715	2667
HPV84REF.1	E2	2609	3742
HPV84REF.1	E5_BETA	4074	4217
HPV84REF.1	L2	4263	5687
HPV84REF.1	L1	5665	7176
HPV85REF.1	E6	105	578
HPV85REF.1	E7	587	913
HPV85REF.1	E1	920	2866
HPV85REF.1	E2	2799	3932
HPV85REF.1	E5_ALPHA	3940	4161
HPV85REF.1	L2	4226	5629
HPV85REF.1	L1	5610	7124
HPV86REF.1	E6	1	447
HPV86REF.1	E7	423	707
HPV86REF.1	E1	709	2667
HPV86REF.1	E2	2609	3733
HPV86REF.1	E5_BETA	4052	4195
HPV86REF.1	L2	4241	5677
HPV86REF.1	L1	5655	7172
HPV87REF.2	E6	105	551
HPV87REF.2	E7	527	817
HPV87REF.2	E1	819	2771
HPV87REF.2	E2	2713	3840
HPV87REF.2	E5_BETA	4172	4315
HPV87REF.2	L2	4360	5778
HPV87REF.2	L1	5756	7270
HPV88REF.1	E6	83	505
HPV88REF.1	E7	502	798
HPV88REF.1	E1	782	2605
HPV88REF.1	E2	2529	3731
HPV88REF.1	L2	3734	5299
HPV88REF.1	L1	5310	6842
HPV89REF.1	E6	1	453
HPV89REF.1	E7	420	716
HPV89REF.1	E1	721	2685
HPV89REF.1	E2	2627	3760
HPV89REF.1	E5_BETA	4110	4256
HPV89REF.1	L2	4352	5722
HPV89REF.1	L1	5755	7263
HPV90REF.1	E6	1	447
HPV90REF.1	E7	423	719
HPV90REF.1	E1	725	2665
HPV90REF.1	E2	2607	3749
HPV90REF.1	E5_BETA	4071	4214
HPV90REF.1	L2	4408	5811
HPV90REF.1	L1	5792	7309
HPV91REF.1	E6	178	645
HPV91REF.1	E7	606	902
HPV91REF.1	E1	908	2869
HPV91REF.1	E2	2811	3923
HPV91REF.1	E5_DELTA	4342	4473
HPV91REF.1	L2	4502	5884
HPV91REF.1	L1	5871	7379
HPV92REF.1	E6	106	522
HPV92REF.1	E7	519	794
HPV92REF.1	E1	784	2622
HPV92REF.1	E2	2564	3997
HPV92REF.1	L2	4056	5627
HPV92REF.1	L1	5638	7176
HPV93REF.1	E6	129	545
HPV93REF.1	E7	551	844
HPV93REF.1	E1	831	2642
HPV93REF.1	E2	2584	4014
HPV93REF.1	L2	4077	5630
HPV93REF.1	L1	5640	7181
HPV94REF.1	E6	93	539
HPV94REF.1	E7	515	778
HPV94REF.1	E1	785	2836
HPV94REF.1	E2	2772	3908
HPV94REF.1	E5_BETA	4121	4264
HPV94REF.1	L2	4380	5792
HPV94REF.1	L1	5773	7287
HPV95REF.1	E6	111	533
HPV95REF.1	E7	530	829
HPV95REF.1	E1	819	2624
HPV95REF.1	E2	2566	3771
HPV95REF.1	L2	3773	5347
HPV95REF.1	L1	5368	6915
HPV96REF.2	E6	356	766
HPV96REF.2	E7	763	1062
HPV96REF.2	E1	1052	2878
HPV96REF.2	E2	2820	4226
HPV96REF.2	L2	4279	5844
HPV96REF.2	L1	5856	7394
HPV97REF.1	E6	1	477
HPV97REF.1	E7	486	806
HPV97REF.1	E1	813	2765
HPV97REF.1	E2	2689	3792
HPV97REF.1	E5_ALPHA	3823	4038
HPV97REF.1	L2	4131	5513
HPV97REF.1	L1	5494	7017
HPV98REF.2	E6	245	667
HPV98REF.2	E7	667	954
HPV98REF.2	E1	941	2773
HPV98REF.2	E2	2715	4139
HPV98REF.2	L2	4206	5774
HPV98REF.2	L1	5784	7322
HPV99REF.1	E6	180	647
HPV99REF.1	E7	637	948
HPV99REF.1	E1	935	2749
HPV99REF.1	E2	2691	4205
HPV99REF.1	L2	4292	5848
HPV99REF.1	L1	5862	7409
HPV100REF.1	E6	224	646
HPV100REF.1	E7	643	945
HPV100REF.1	E1	932	2749
HPV100REF.1	E2	2691	4013
HPV100REF.1	L2	4078	5667
HPV100REF.1	L1	5678	7198
HPV101REF.1	E7	1	297
HPV101REF.1	E1	278	2188
HPV101REF.1	E2	2130	3311
HPV101REF.1	L2	3428	5023
HPV101REF.1	L1	5034	6581
HPV101REF.1	E10	7112	7225
HPV102REF.1	E6	1	444
HPV102REF.1	E7	420	710
HPV102REF.1	E1	715	2670
HPV102REF.1	E2	2612	3754
HPV102REF.1	E5_BETA	4139	4282
HPV102REF.1	L2	4380	5807
HPV102REF.1	L1	5785	7296
HPV103REF.1	E7	1	303
HPV103REF.1	E1	284	2149
HPV103REF.1	E2	2091	3266
HPV103REF.1	L2	3357	4934
HPV103REF.1	L1	4945	6492
HPV103REF.1	E10	7068	7181
HPV104REF.1	E6	209	625
HPV104REF.1	E7	622	936
HPV104REF.1	E1	917	2749
HPV104REF.1	E2	2691	4031
HPV104REF.1	L2	4094	5656
HPV104REF.1	L1	5667	7175
HPV105REF.1	E6	190	657
HPV105REF.1	E7	647	952
HPV105REF.1	E1	939	2750
HPV105REF.1	E2	2692	4206
HPV105REF.1	L2	4290	5846
HPV105REF.1	L1	5861	7405
HPV106REF.1	E6	46	492
HPV106REF.1	E7	468	755
HPV106REF.1	E1	761	2701
HPV106REF.1	E2	2643	3794
HPV106REF.1	E5_BETA	4131	4277
HPV106REF.1	L2	4401	5801
HPV106REF.1	L1	5782	7302
HPV107REF.1	E6	295	711
HPV107REF.1	E7	708	1016
HPV107REF.1	E1	1003	2826
HPV107REF.1	E2	2768	4165
HPV107REF.1	L2	4217	5776
HPV107REF.1	L1	5788	7311
HPV108REF.1	E10	491	604
HPV108REF.1	E7	663	962
HPV108REF.1	E1	943	2811
HPV108REF.1	E2	2753	3925
HPV108REF.1	L2	4010	5563
HPV108REF.1	L1	5575	7116
HPV109REF.1	E6	96	518
HPV109REF.1	E7	508	798
HPV109REF.1	E1	788	2638
HPV109REF.1	E2	2577	3797
HPV109REF.1	L2	3800	5365
HPV109REF.1	L1	5376	6929
HPV110REF.1	E6	172	597
HPV110REF.1	E7	594	878
HPV110REF.1	E1	871	2694
HPV110REF.1	E2	2636	4000
HPV110REF.1	L2	4051	5664
HPV110REF.1	L1	5676	7196
HPV111REF.1	E6	156	581
HPV111REF.1	E7	578	856
HPV111REF.1	E1	849	2669
HPV111REF.1	E2	2611	3963
HPV111REF.1	L2	4008	5612
HPV111REF.1	L1	5624	7144
HPV112REF.1	E6	252	671
HPV112REF.1	E7	668	961
HPV112REF.1	E1	945	2747
HPV112REF.1	E2	2677	3855
HPV112REF.1	L2	3859	5439
HPV112REF.1	L1	5451	7031
HPV113REF.1	E6	126	551
HPV113REF.1	E7	548	826
HPV113REF.1	E1	819	2639
HPV113REF.1	E2	2581	3954
HPV113REF.1	L2	3998	5602
HPV113REF.1	L1	5614	7140
HPV114REF.1	E6	213	659
HPV114REF.1	E7	635	919
HPV114REF.1	E1	921	2876
HPV114REF.1	E2	2818	3963
HPV114REF.1	E5_BETA	4298	4441
HPV114REF.1	L2	4500	5927
HPV114REF.1	L1	5905	7428
HPV115REF.1	E6	214	630
HPV115REF.1	E7	627	929
HPV115REF.1	E1	916	2760
HPV115REF.1	E2	2702	4147
HPV115REF.1	L2	4185	5741
HPV115REF.1	L1	5755	7293
HPV116REF.1	E6	1	426
HPV116REF.1	E7	428	724
HPV116REF.1	E1	708	2516
HPV116REF.1	E2	2452	3648
HPV116REF.1	L2	3651	5186
HPV116REF.1	L1	5187	6743
HPV117REF.1	E6	103	546
HPV117REF.1	E7	525	788
HPV117REF.1	E1	795	2834
HPV117REF.1	E2	2776	3924
HPV117REF.1	E5_BETA	4152	4295
HPV117REF.1	L2	4433	5824
HPV117REF.1	L1	5805	7322
HPV118REF.1	E6	166	576
HPV118REF.1	E7	577	876
HPV118REF.1	E1	863	2683
HPV118REF.1	E2	2625	4145
HPV118REF.1	L2	4237	5790
HPV118REF.1	L1	5803	7338
HPV119REF.1	E6	1	420
HPV119REF.1	E7	417	710
HPV119REF.1	E1	694	2487
HPV119REF.1	E2	2417	3595
HPV119REF.1	L2	3597	5180
HPV119REF.1	L1	5193	6776
HPV120REF.1	E6	1	426
HPV120REF.1	E7	423	716
HPV120REF.1	E1	703	2517
HPV120REF.1	E2	2459	3751
HPV120REF.1	L2	3824	5383
HPV120REF.1	L1	5394	6914
HPV121REF.1	E6	1	432
HPV121REF.1	E7	435	731
HPV121REF.1	E1	718	2547
HPV121REF.1	E2	2489	3661
HPV121REF.1	L2	3665	5233
HPV121REF.1	L1	5245	6804
HPV122REF.1	E6	1	426
HPV122REF.1	E7	423	704
HPV122REF.1	E1	697	2517
HPV122REF.1	E2	2459	3811
HPV122REF.1	L2	3857	5467
HPV122REF.1	L1	5479	7005
HPV123REF.1	E6	1	414
HPV123REF.1	E7	414	698
HPV123REF.1	E1	688	2523
HPV123REF.1	E2	2465	3670
HPV123REF.1	L2	3672	5246
HPV123REF.1	L1	5258	6820
HPV124REF.1	E6	1	411
HPV124REF.1	E7	411	704
HPV124REF.1	E1	691	2514
HPV124REF.1	E2	2456	3901
HPV124REF.1	L2	3977	5563
HPV124REF.1	L1	5577	7112
HPV125REF.2	E6	1	447
HPV125REF.2	E7	423	686
HPV125REF.2	E1	693	2681
HPV125REF.2	E2	2623	3756
HPV125REF.2	E5_BETA	3956	4099
HPV125REF.2	L2	4217	5644
HPV125REF.2	L1	5625	7136
HPV126REF.1	E6	97	528
HPV126REF.1	E7	531	833
HPV126REF.1	E1	817	2640
HPV126REF.1	E2	2576	3763
HPV126REF.1	L2	3765	5264
HPV126REF.1	L1	5273	6844
HPV127REF.1	E6	81	500
HPV127REF.1	E7	497	793
HPV127REF.1	E1	777	2591
HPV127REF.1	E2	2524	3735
HPV127REF.1	L2	3735	5264
HPV127REF.1	L1	5275	6804
HPV128REF.1	E6	1	432
HPV128REF.1	E7	422	712
HPV128REF.1	E1	699	2516
HPV128REF.1	E2	2452	3651
HPV128REF.1	L2	3664	5199
HPV128REF.1	L1	5210	6724
HPV129REF.1	E6	34	459
HPV129REF.1	E7	462	755
HPV129REF.1	E1	739	2544
HPV129REF.1	E2	2489	3649
HPV129REF.1	L2	3651	5168
HPV129REF.1	L1	5177	6730
HPV130REF.1	E6	1	432
HPV130REF.1	E7	434	730
HPV130REF.1	E1	717	2546
HPV130REF.1	E2	2488	3672
HPV130REF.1	L2	3674	5251
HPV130REF.1	L1	5262	6824
HPV131REF.1	E6	1	426
HPV131REF.1	E7	416	700
HPV131REF.1	E1	687	2498
HPV131REF.1	E2	2425	3612
HPV131REF.1	L2	3615	5150
HPV131REF.1	L1	5161	6702
HPV132REF.1	E6	1	420
HPV132REF.1	E7	417	695
HPV132REF.1	E1	679	2478
HPV132REF.1	E2	2405	3592
HPV132REF.1	L2	3594	5126
HPV132REF.1	L1	5137	6663
HPV133REF.1	E6	1	432
HPV133REF.1	E7	434	733
HPV133REF.1	E1	720	2549
HPV133REF.1	E2	2491	3666
HPV133REF.1	L2	3669	5243
HPV133REF.1	L1	5255	6811
HPV134REF.1	E6	1	414
HPV134REF.1	E7	414	689
HPV134REF.1	E1	679	2487
HPV134REF.1	E2	2429	3679
HPV134REF.1	L2	3682	5226
HPV134REF.1	L1	5237	6787
HPV135REF.1	E6	118	534
HPV135REF.1	E7	531	818
HPV135REF.1	E1	805	2610
HPV135REF.1	E2	2546	3757
HPV135REF.1	L2	3774	5312
HPV135REF.1	L1	5323	6870
HPV136REF.1	E6	1	429
HPV136REF.1	E7	432	728
HPV136REF.1	E1	715	2526
HPV136REF.1	E2	2462	3640
HPV136REF.1	L2	3640	5151
HPV136REF.1	L1	5160	6731
HPV137REF.1	E6	1	429
HPV137REF.1	E7	431	730
HPV137REF.1	E1	714	2546
HPV137REF.1	E2	2482	3693
HPV137REF.1	L2	3695	5224
HPV137REF.1	L1	5235	6785
HPV138REF.1	E6	1	414
HPV138REF.1	E7	417	698
HPV138REF.1	E1	688	2538
HPV138REF.1	E2	2480	3694
HPV138REF.1	L2	3707	5266
HPV138REF.1	L1	5277	6821
HPV139REF.1	E6	1	411
HPV139REF.1	E7	417	698
HPV139REF.1	E1	688	2541
HPV139REF.1	E2	2483	3700
HPV139REF.1	L2	3702	5258
HPV139REF.1	L1	5269	6825
HPV140REF.1	E6	1	432
HPV140REF.1	E7	434	733
HPV140REF.1	E1	717	2534
HPV140REF.1	E2	2470	3648
HPV140REF.1	L2	3650	5146
HPV140REF.1	L1	5155	6741
HPV141REF.1	E6	1	435
HPV141REF.1	E7	438	734
HPV141REF.1	E1	721	2535
HPV141REF.1	E2	2471	3649
HPV141REF.1	L2	3651	5153
HPV141REF.1	L1	5162	6733
HPV142REF.1	E6	1	432
HPV142REF.1	E7	434	727
HPV142REF.1	E1	714	2543
HPV142REF.1	E2	2485	3678
HPV142REF.1	L2	3680	5254
HPV142REF.1	L1	5265	6827
HPV143REF.1	E6	1	474
HPV143REF.1	E7	464	775
HPV143REF.1	E1	762	2579
HPV143REF.1	E2	2521	4047
HPV143REF.1	L2	4131	5687
HPV143REF.1	L1	5701	7251
HPV144REF.1	E6	1	423
HPV144REF.1	E7	420	719
HPV144REF.1	E1	703	2502
HPV144REF.1	E2	2441	3604
HPV144REF.1	L2	3604	5142
HPV144REF.1	L1	5154	6707
HPV145REF.1	E6	1	426
HPV145REF.1	E7	423	713
HPV145REF.1	E1	706	2526
HPV145REF.1	E2	2468	3769
HPV145REF.1	L2	3822	5420
HPV145REF.1	L1	5432	6955
HPV146REF.1	E6	1	423
HPV146REF.1	E7	420	713
HPV146REF.1	E1	700	2520
HPV146REF.1	E2	2456	3664
HPV146REF.1	L2	3669	5198
HPV146REF.1	L1	5209	6756
HPV147REF.1	E6	1	420
HPV147REF.1	E7	417	707
HPV147REF.1	E1	691	2496
HPV147REF.1	E2	2423	3610
HPV147REF.1	L2	3612	5177
HPV147REF.1	L1	5189	6754
HPV148REF.1	E6	490	906
HPV148REF.1	E7	906	1187
HPV148REF.1	E1	1171	2979
HPV148REF.1	E2	2912	4102
HPV148REF.1	L2	4104	5615
HPV148REF.1	L1	5626	7164
HPV149REF.1	E6	1	411
HPV149REF.1	E7	413	697
HPV149REF.1	E1	687	2525
HPV149REF.1	E2	2467	3687
HPV149REF.1	L2	3689	5254
HPV149REF.1	L1	5263	6813
HPV150REF.1	E6	351	761
HPV150REF.1	E7	758	1060
HPV150REF.1	E1	1047	2864
HPV150REF.1	E2	2806	4218
HPV150REF.1	L2	4270	5826
HPV150REF.1	L1	5838	7370
HPV151REF.1	E6	221	646
HPV151REF.1	E7	643	939
HPV151REF.1	E1	926	2752
HPV151REF.1	E2	2694	4007
HPV151REF.1	L2	4092	5666
HPV151REF.1	L1	5677	7212
HPV152REF.1	E6	1	411
HPV152REF.1	E7	411	704
HPV152REF.1	E1	691	2514
HPV152REF.1	E2	2456	3892
HPV152REF.1	L2	3969	5531
HPV152REF.1	L1	5545	7080
HPV153REF.1	E6	1	432
HPV153REF.1	E7	422	712
HPV153REF.1	E1	699	2516
HPV153REF.1	E2	2452	3654
HPV153REF.1	L2	3657	5192
HPV153REF.1	L1	5201	6736
HPV154REF.1	E6	1	435
HPV154REF.1	E7	437	739
HPV154REF.1	E1	723	2543
HPV154REF.1	E2	2479	3657
HPV154REF.1	L2	3660	5180
HPV154REF.1	L1	5189	6769
HPV155REF.1	E6	1	438
HPV155REF.1	E7	413	697
HPV155REF.1	E1	687	2507
HPV155REF.1	E2	2449	3666
HPV155REF.1	L2	3668	5224
HPV155REF.1	L1	5235	6779
HPV156REF.1	E6	106	528
HPV156REF.1	E7	525	818
HPV156REF.1	E1	805	2631
HPV156REF.1	E2	2567	3766
HPV156REF.1	L2	3775	5349
HPV156REF.1	L1	5360	6889
HPV157REF.1	E6	1	417
HPV157REF.1	E7	417	698
HPV157REF.1	E1	682	2487
HPV157REF.1	E2	2420	3622
HPV157REF.1	L2	3624	5144
HPV157REF.1	L1	5155	6687
HPV158REF.1	E6	1	423
HPV158REF.1	E7	420	707
HPV158REF.1	E1	694	2496
HPV158REF.1	E2	2438	3613
HPV158REF.1	L2	3616	5178
HPV158REF.1	L1	5190	6728
HPV159REF.1	E6	1	426
HPV159REF.1	E7	423	701
HPV159REF.1	E1	694	2514
HPV159REF.1	E2	2456	3835
HPV159REF.1	L2	3899	5494
HPV159REF.1	L1	5506	7032
HPV160REF.1	E6	101	535
HPV160REF.1	E7	523	798
HPV160REF.1	E1	805	2787
HPV160REF.1	E2	2729	3844
HPV160REF.1	E5_BETA	4057	4200
HPV160REF.1	L2	4313	5737
HPV160REF.1	L1	5718	7229
HPV161REF.1	E6	199	621
HPV161REF.1	E7	618	911
HPV161REF.1	E1	895	2709
HPV161REF.1	E2	2642	3820
HPV161REF.1	L2	3820	5361
HPV161REF.1	L1	5373	6896
HPV162REF.1	E6	127	546
HPV162REF.1	E7	546	851
HPV162REF.1	E1	835	2658
HPV162REF.1	E2	2591	3760
HPV162REF.1	L2	3760	5277
HPV162REF.1	L1	5288	6808
HPV163REF.1	E6	186	605
HPV163REF.1	E7	602	901
HPV163REF.1	E1	888	2711
HPV163REF.1	E2	2647	3867
HPV163REF.1	L2	3870	5420
HPV163REF.1	L1	5435	6958
HPV164REF.1	E6	89	508
HPV164REF.1	E7	505	798
HPV164REF.1	E1	782	2584
HPV164REF.1	E2	2514	3701
HPV164REF.1	L2	3703	5277
HPV164REF.1	L1	5289	6866
HPV165REF.1	E6	96	515
HPV165REF.1	E7	512	793
HPV165REF.1	E1	777	2603
HPV165REF.1	E2	2536	3726
HPV165REF.1	L2	3726	5243
HPV165REF.1	L1	5256	6776
HPV166REF.1	E6	298	717
HPV166REF.1	E7	717	1022
HPV166REF.1	E1	1006	2829
HPV166REF.1	E2	2762	3931
HPV166REF.1	L2	3931	5463
HPV166REF.1	L1	5474	6994
HPV167REF.1	E6	96	515
HPV167REF.1	E7	512	805
HPV167REF.1	E1	789	2603
HPV167REF.1	E2	2536	3741
HPV167REF.1	L2	3750	5258
HPV167REF.1	L1	5269	6819
HPV168REF.1	E6	381	800
HPV168REF.1	E7	797	1090
HPV168REF.1	E1	1074	2876
HPV168REF.1	E2	2806	3984
HPV168REF.1	L2	3986	5548
HPV168REF.1	L1	5560	7131
HPV169REF.1	E6	157	588
HPV169REF.1	E7	591	890
HPV169REF.1	E1	874	2685
HPV169REF.1	E2	2621	3793
HPV169REF.1	L2	3795	5285
HPV169REF.1	L1	5294	6871
HPV170REF.1	E6	316	753
HPV170REF.1	E7	729	1013
HPV170REF.1	E1	1003	2856
HPV170REF.1	E2	2798	4012
HPV170REF.1	L2	4014	5582
HPV170REF.1	L1	5593	7149
HPV171REF.1	E6	19	450
HPV171REF.1	E7	453	752
HPV171REF.1	E1	736	2550
HPV171REF.1	E2	2486	3658
HPV171REF.1	L2	3660	5150
HPV171REF.1	L1	5159	6736
HPV172REF.1	E6	220	657
HPV172REF.1	E7	638	934
HPV172REF.1	E1	921	2723
HPV172REF.1	E2	2659	3846
HPV172REF.1	L2	3846	5399
HPV172REF.1	L1	5410	6960
HPV173REF.1	E6	31	453
HPV173REF.1	E7	450	743
HPV173REF.1	E1	730	2541
HPV173REF.1	E2	2483	3658
HPV173REF.1	L2	3689	5272
HPV173REF.1	L1	5287	6828
HPV174REF.1	E6	1	426
HPV174REF.1	E7	423	710
HPV174REF.1	E1	703	2508
HPV174REF.1	E2	2450	3796
HPV174REF.1	L2	3846	5426
HPV174REF.1	L1	5438	6961
HPV175REF.1	E6	1	444
HPV175REF.1	E7	419	712
HPV175REF.1	E1	696	2519
HPV175REF.1	E2	2455	3666
HPV175REF.1	L2	3675	5216
HPV175REF.1	L1	5227	6741
HPV176REF.1	E6	1	420
HPV176REF.1	E7	417	707
HPV176REF.1	E1	691	2487
HPV176REF.1	E2	2420	3607
HPV176REF.1	L2	3608	5176
HPV176REF.1	L1	5187	6758
HPV177REF.1	E6	808	1257
HPV177REF.1	E7	1274	1576
HPV177REF.1	E1	1583	3553
HPV177REF.1	E2	3492	4589
HPV177REF.1	E5_ALPHA	4699	4926
HPV177REF.1	L2	5020	6435
HPV177REF.1	L1	6422	7933
HPV178REF.1	E6	1	417
HPV178REF.1	E7	419	706
HPV178REF.1	E1	690	2516
HPV178REF.1	E2	2458	3663
HPV178REF.1	L2	3666	5261
HPV178REF.1	L1	5233	6768
HPV179REF.1	E6	1	417
HPV179REF.1	E7	414	701
HPV179REF.1	E1	688	2496
HPV179REF.1	E2	2432	3631
HPV179REF.1	L2	3639	5174
HPV179REF.1	L1	5185	6723
HPV180REF.1	E6	1	432
HPV180REF.1	E7	436	732
HPV180REF.1	E1	719	2548
HPV180REF.1	E2	2490	3662
HPV180REF.1	L2	3667	5241
HPV180REF.1	L1	5252	6811
HPV181REF.1	E6	531	956
HPV181REF.1	E7	959	1252
HPV181REF.1	E1	1236	3050
HPV181REF.1	E2	2986	4152
HPV181REF.1	L2	4155	5657
HPV181REF.1	L1	5666	7240
HPV182REF.1	E6	384	809
HPV182REF.1	E7	806	1087
HPV182REF.1	E1	1080	2897
HPV182REF.1	E2	2839	4212
HPV182REF.1	L2	4280	5881
HPV182REF.1	L1	5893	7416
HPV183REF.1	E6	508	927
HPV183REF.1	E7	927	1226
HPV183REF.1	E1	1213	3024
HPV183REF.1	E2	2966	4180
HPV183REF.1	L2	4183	5739
HPV183REF.1	L1	5754	7286
HPV184REF.1	E6	1	432
HPV184REF.1	E7	419	712
HPV184REF.1	E1	696	2507
HPV184REF.1	E2	2443	3660
HPV184REF.1	L2	3668	5242
HPV184REF.1	L1	5253	6797
HPV185REF.1	E6	399	809
HPV185REF.1	E7	806	1105
HPV185REF.1	E1	1095	2930
HPV185REF.1	E2	2872	4269
HPV185REF.1	L2	4329	5894
HPV185REF.1	L1	5906	7444
HPV186REF.1	E6	561	974
HPV186REF.1	E7	974	1258
HPV186REF.1	E1	1248	3092
HPV186REF.1	E2	3034	4239
HPV186REF.1	L2	4242	5813
HPV186REF.1	L1	5824	7389
HPV187REF.1	E6	1	420
HPV187REF.1	E7	417	707
HPV187REF.1	E1	694	2505
HPV187REF.1	E2	2435	3619
HPV187REF.1	L2	3621	5204
HPV187REF.1	L1	5215	6759
HPV188REF.1	E6	509	934
HPV188REF.1	E7	924	1205
HPV188REF.1	E1	1192	2991
HPV188REF.1	E2	2915	4105
HPV188REF.1	L2	4105	5625
HPV188REF.1	L1	5638	7185
HPV189REF.1	E6	512	943
HPV189REF.1	E7	924	1208
HPV189REF.1	E1	1198	3036
HPV189REF.1	E2	2978	4183
HPV189REF.1	L2	4183	5754
HPV189REF.1	L1	5765	7318
HPV190REF.1	E6	530	973
HPV190REF.1	E7	948	1235
HPV190REF.1	E1	1219	3042
HPV190REF.1	E2	2984	4171
HPV190REF.1	L2	4173	5768
HPV190REF.1	L1	5740	7275
HPV191REF.1	E6	541	972
HPV191REF.1	E7	974	1270
HPV191REF.1	E1	1257	3086
HPV191REF.1	E2	3028	4212
HPV191REF.1	L2	4214	5788
HPV191REF.1	L1	5799	7364
HPV192REF.1	E6	491	910
HPV192REF.1	E7	907	1203
HPV192REF.1	E1	1187	3001
HPV192REF.1	E2	2937	4130
HPV192REF.1	L2	4139	5692
HPV192REF.1	L1	5703	7244
HPV193REF.1	E6	527	949
HPV193REF.1	E7	939	1220
HPV193REF.1	E1	1213	3042
HPV193REF.1	E2	2984	4210
HPV193REF.1	L2	4213	5781
HPV193REF.1	L1	5792	7348
HPV194REF.1	E6	482	901
HPV194REF.1	E7	901	1200
HPV194REF.1	E1	1187	3010
HPV194REF.1	E2	2946	4163
HPV194REF.1	L2	4166	5722
HPV194REF.1	L1	5737	7260
HPV195REF.1	E6	417	827
HPV195REF.1	E7	827	1126
HPV195REF.1	E1	1113	2933
HPV195REF.1	E2	2875	4380
HPV195REF.1	L2	4472	6022
HPV195REF.1	L1	6034	7569
HPV196REF.1	E6	410	820
HPV196REF.1	E7	820	1113
HPV196REF.1	E1	1100	2920
HPV196REF.1	E2	2862	4313
HPV196REF.1	L2	4392	5951
HPV196REF.1	L1	5965	7500
HPV197REF.1	E6	1	444
HPV197REF.1	E7	419	703
HPV197REF.1	E1	687	2510
HPV197REF.1	E2	2452	3630
HPV197REF.1	L2	3632	5230
HPV197REF.1	L1	5202	6749
HPV199REF.1	E6	1	420
HPV199REF.1	E7	417	710
HPV199REF.1	E1	694	2490
HPV199REF.1	E2	2423	3619
HPV199REF.1	L2	3619	5148
HPV199REF.1	L1	5160	6671
HPV200REF.1	E6	1	420
HPV200REF.1	E7	417	698
HPV200REF.1	E1	685	2481
HPV200REF.1	E2	2408	3613
HPV200REF.1	L2	3613	5121
HPV200REF.1	L1	5132	6676
HPV201REF.1	E6	1	423
HPV201REF.1	E7	420	716
HPV201REF.1	E1	700	2526
HPV201REF.1	E2	2468	3724
HPV201REF.1	L2	3726	5279
HPV201REF.1	L1	5289	6815
HPV202REF.1	E6	1	432
HPV202REF.1	E7	434	733
HPV202REF.1	E1	717	2534
HPV202REF.1	E2	2470	3648
HPV202REF.1	L2	3650	5146
HPV202REF.1	L1	5155	6741
HPV203REF.1	E6	1	417
HPV203REF.1	E7	414	701
HPV203REF.1	E1	691	2532
HPV203REF.1	E2	2483	3703
HPV203REF.1	L2	3721	5319
HPV203REF.1	L1	5330	6880
HPV204REF.1	E6	1	411
HPV204REF.1	E7	411	689
HPV204REF.1	E1	689	2536
HPV204REF.1	E2	2478	3644
HPV204REF.1	L2	3669	5180
HPV204REF.1	L1	5191	6717
HPV205REF.1	E6	1	423
HPV205REF.1	E7	420	713
HPV205REF.1	E1	700	2511
HPV205REF.1	E2	2453	3631
HPV205REF.1	L2	3653	5236
HPV205REF.1	L1	5251	6798
HPV206REF.1	E6	204	677
HPV206REF.1	E7	667	978
HPV206REF.1	E1	965	2785
HPV206REF.1	E2	2727	4262
HPV206REF.1	L2	4345	5910
HPV206REF.1	L1	5922	7472
HPV207REF.1	E6	514	933
HPV207REF.1	E7	930	1223
HPV207REF.1	E1	1210	3015
HPV207REF.1	E2	2951	4147
HPV207REF.1	L2	4154	5692
HPV207REF.1	L1	5703	7247
HPV208REF.1	E6	538	984
HPV208REF.1	E7	956	1240
HPV208REF.1	E1	1224	3047
HPV208REF.1	E2	2989	4191
HPV208REF.1	L2	4193	5776
HPV208REF.1	L1	5748	7283
HPV209REF.1	E6	7	423
HPV209REF.1	E7	420	728
HPV209REF.1	E1	715	2538
HPV209REF.1	E2	2480	3853
HPV209REF.1	L2	3905	5464
HPV209REF.1	L1	5476	6999
HPV210REF.1	E6	1	420
HPV210REF.1	E7	417	695
HPV210REF.1	E1	679	2478
HPV210REF.1	E2	2411	3592
HPV210REF.1	L2	3594	5135
HPV210REF.1	L1	5146	6672
HPV211REF.1	E6	1	420
HPV211REF.1	E7	417	707
HPV211REF.1	E1	694	2508
HPV211REF.1	E2	2429	3619
HPV211REF.1	L2	3622	5220
HPV211REF.1	L1	5231	6781
HPV212REF.1	E6	25	447
HPV212REF.1	E7	444	743
HPV212REF.1	E1	727	2526
HPV212REF.1	E2	2465	3628
HPV212REF.1	L2	3628	5154
HPV212REF.1	L1	5166	6719
HPV213REF.1	E6	1	435
HPV213REF.1	E7	422	715
HPV213REF.1	E1	702	2513
HPV213REF.1	E2	2449	3624
HPV213REF.1	L2	3629	5122
HPV213REF.1	L1	5133	6659
HPV214REF.1	E7	1	303
HPV214REF.1	E1	284	2188
HPV214REF.1	E2	2130	3296
HPV214REF.1	L2	3360	4973
HPV214REF.1	L1	4984	6519
HPV214REF.1	E10	7161	7274
HPV215REF.1	E6	13	438
HPV215REF.1	E7	440	733
HPV215REF.1	E1	717	2528
HPV215REF.1	E2	2473	3624
HPV215REF.1	L2	3626	5137
HPV215REF.1	L1	5146	6696
HPV216REF.1	E6	34	459
HPV216REF.1	E7	462	755
HPV216REF.1	E1	739	2550
HPV216REF.1	E2	2495	3667
HPV216REF.1	L2	3669	5186
HPV216REF.1	L1	5195	6748
HPV219REF.1	E6	445	879
HPV219REF.1	E7	866	1159
HPV219REF.1	E1	1143	2957
HPV219REF.1	E2	2893	4065
HPV219REF.1	L2	4078	5571
HPV219REF.1	L1	5582	7108
HPV220REF.1	E6	601	1023
HPV220REF.1	E7	1020	1319
HPV220REF.1	E1	1303	3111
HPV220REF.1	E2	3050	4216
HPV220REF.1	L2	4265	5824
HPV220REF.1	L1	5837	7381
HPV221REF.1	E6	509	940
HPV221REF.1	E7	942	1235
HPV221REF.1	E1	1222	3054
HPV221REF.1	E2	2996	4180
HPV221REF.1	L2	4182	5753
HPV221REF.1	L1	5764	7326
HPV222REF.1	E6	546	968
HPV222REF.1	E7	965	1255
HPV222REF.1	E1	1245	3047
HPV222REF.1	E2	2980	4176
HPV222REF.1	L2	4193	5725
HPV222REF.1	L1	5737	7275
HPV223REF.1	E6	1	423
HPV223REF.1	E7	420	719
HPV223REF.1	E1	703	2499
HPV223REF.1	E2	2435	3634
HPV223REF.1	L2	3637	5187
HPV223REF.1	L1	5198	6760
HPV224REF.1	E6	1	420
HPV224REF.1	E7	417	707
HPV224REF.1	E1	694	2490
HPV224REF.1	E2	2414	3607
HPV224REF.1	L2	3607	5166
HPV224REF.1	L1	5178	6719
HPV225REF.1	E6	1	414
HPV225REF.1	E7	414	698
HPV225REF.1	E1	688	2520
HPV225REF.1	E2	2462	3661
HPV225REF.1	L2	3664	5235
HPV225REF.1	L1	5246	6808
HPV-m16031680Anr.1	E7	1	294
HPV-m16031680Anr.1	E1	275	2185
HPV-m16031680Anr.1	E2	2127	3305
HPV-m16031680Anr.1	L2	3425	5020
HPV-m16031680Anr.1	L1	5031	6578
HPV-m16031680Anr.1	E10	7121	7234
HPV-mCG2nr.1	E6	103	519
HPV-mCG2nr.1	E7	519	800
HPV-mCG2nr.1	E1	784	2592
HPV-mCG2nr.1	E2	2525	3724
HPV-mCG2nr.1	L2	3724	5232
HPV-mCG2nr.1	L1	5244	6776
HPV-mCG3nr.1	E6	103	519
HPV-mCG3nr.1	E7	519	800
HPV-mCG3nr.1	E1	784	2580
HPV-mCG3nr.1	E2	2513	3685
HPV-mCG3nr.1	L2	3687	5180
HPV-mCG3nr.1	L1	5191	6717
HPV-mCGG5nr.1	E6	1	420
HPV-mCGG5nr.1	E7	417	707
HPV-mCGG5nr.1	E1	694	2499
HPV-mCGG5nr.1	E2	2435	3631
HPV-mCGG5nr.1	L2	3638	5170
HPV-mCGG5nr.1	L1	5181	6725
HPV-mCH2nr.1	E6	101	523
HPV-mCH2nr.1	E7	520	810
HPV-mCH2nr.1	E1	797	2584
HPV-mCH2nr.1	E2	2520	3674
HPV-mCH2nr.1	L2	3671	5296
HPV-mCH2nr.1	L1	5307	6833
HPV-mDysk1nr.1	E6	1	447
HPV-mDysk1nr.1	E7	419	706
HPV-mDysk1nr.1	E1	690	2513
HPV-mDysk1nr.1	E2	2455	3660
HPV-mDysk1nr.1	L2	3662	5254
HPV-mDysk1nr.1	L1	5226	6758
HPV-mDysk2nr.1	E6	1	411
HPV-mDysk2nr.1	E7	413	697
HPV-mDysk2nr.1	E1	687	2525
HPV-mDysk2nr.1	E2	2467	3693
HPV-mDysk2nr.1	L2	3696	5264
HPV-mDysk2nr.1	L1	5275	6828
HPV-mDysk3nr.1	E6	1	414
HPV-mDysk3nr.1	E7	414	689
HPV-mDysk3nr.1	E1	679	2487
HPV-mDysk3nr.1	E2	2429	3676
HPV-mDysk3nr.1	L2	3679	5223
HPV-mDysk3nr.1	L1	5234	6784
HPV-mDysk5nr.1	E6	1	444
HPV-mDysk5nr.1	E7	419	706
HPV-mDysk5nr.1	E1	690	2513
HPV-mDysk5nr.1	E2	2455	3639
HPV-mDysk5nr.1	L2	3642	5240
HPV-mDysk5nr.1	L1	5212	6741
HPV-mDysk6nr.1	E6	1	432
HPV-mDysk6nr.1	E7	419	715
HPV-mDysk6nr.1	E1	702	2504
HPV-mDysk6nr.1	E2	2440	3642
HPV-mDysk6nr.1	L2	3645	5204
HPV-mDysk6nr.1	L1	5215	6774
HPV-mEV03c05nr.1	E6	1	411
HPV-mEV03c05nr.1	E7	413	697
HPV-mEV03c05nr.1	E1	687	2525
HPV-mEV03c05nr.1	E2	2467	3684
HPV-mEV03c05nr.1	L2	3686	5251
HPV-mEV03c05nr.1	L1	5261	6805
HPV-mEV03c09nr.1	E6	1	411
HPV-mEV03c09nr.1	E7	408	707
HPV-mEV03c09nr.1	E1	694	2511
HPV-mEV03c09nr.1	E2	2453	3865
HPV-mEV03c09nr.1	L2	3915	5468
HPV-mEV03c09nr.1	L1	5480	7018
HPV-mEV03c104nr.1	E6	1	423
HPV-mEV03c104nr.1	E7	420	716
HPV-mEV03c104nr.1	E1	700	2520
HPV-mEV03c104nr.1	E2	2456	3667
HPV-mEV03c104nr.1	L2	3671	5212
HPV-mEV03c104nr.1	L1	5223	6770
HPV-mEV03c188nr.1	E6	1	423
HPV-mEV03c188nr.1	E7	420	713
HPV-mEV03c188nr.1	E1	700	2526
HPV-mEV03c188nr.1	E2	2462	3658
HPV-mEV03c188nr.1	L2	3667	5226
HPV-mEV03c188nr.1	L1	5237	6766
HPV-mEV03c212nr.1	E6	1	432
HPV-mEV03c212nr.1	E7	419	715
HPV-mEV03c212nr.1	E1	702	2504
HPV-mEV03c212nr.1	E2	2440	3633
HPV-mEV03c212nr.1	L2	3639	5189
HPV-mEV03c212nr.1	L1	5200	6753
HPV-mEV03c40nr.1	E6	1	444
HPV-mEV03c40nr.1	E7	419	706
HPV-mEV03c40nr.1	E1	690	2513
HPV-mEV03c40nr.1	E2	2455	3645
HPV-mEV03c40nr.1	L2	3647	5242
HPV-mEV03c40nr.1	L1	5214	6749
HPV-mEV03c434nr.1	E6	1	423
HPV-mEV03c434nr.1	E7	420	710
HPV-mEV03c434nr.1	E1	697	2487
HPV-mEV03c434nr.1	E2	2423	3580
HPV-mEV03c434nr.1	L2	3577	5196
HPV-mEV03c434nr.1	L1	5207	6766
HPV-mEV03c45nr.1	E6	1	435
HPV-mEV03c45nr.1	E7	422	712
HPV-mEV03c45nr.1	E1	699	2510
HPV-mEV03c45nr.1	E2	2446	3636
HPV-mEV03c45nr.1	L2	3638	5152
HPV-mEV03c45nr.1	L1	5163	6686
HPV-mEV06c107nr.1	E6	1	444
HPV-mEV06c107nr.1	E7	419	706
HPV-mEV06c107nr.1	E1	690	2510
HPV-mEV06c107nr.1	E2	2452	3636
HPV-mEV06c107nr.1	L2	3638	5239
HPV-mEV06c107nr.1	L1	5211	6749
HPV-mEV06c118nr.1	E6	1	423
HPV-mEV06c118nr.1	E7	420	716
HPV-mEV06c118nr.1	E1	703	2508
HPV-mEV06c118nr.1	E2	2444	3637
HPV-mEV06c118nr.1	L2	3671	5212
HPV-mEV06c118nr.1	L1	5223	6779
HPV-mEV06c12bnr.1	E6	1	447
HPV-mEV06c12bnr.1	E7	423	716
HPV-mEV06c12bnr.1	E1	722	2677
HPV-mEV06c12bnr.1	E2	2619	3764
HPV-mEV06c12bnr.1	L2	4344	5744
HPV-mEV06c12bnr.1	L1	5722	7236
HPV-mEV07c367nr.1	E6	1	420
HPV-mEV07c367nr.1	E7	417	686
HPV-mEV07c367nr.1	E1	670	2478
HPV-mEV07c367nr.1	E2	2411	3589
HPV-mEV07c367nr.1	L2	3589	5109
HPV-mEV07c367nr.1	L1	5121	6641
HPV-mEV07c382nr.1	E6	1	414
HPV-mEV07c382nr.1	E7	416	700
HPV-mEV07c382nr.1	E1	687	2492
HPV-mEV07c382nr.1	E2	2419	3612
HPV-mEV07c382nr.1	L2	3612	5138
HPV-mEV07c382nr.1	L1	5155	6690
HPV-mEV07c390nr.1	E6	1	420
HPV-mEV07c390nr.1	E7	417	707
HPV-mEV07c390nr.1	E1	694	2514
HPV-mEV07c390nr.1	E2	2435	3628
HPV-mEV07c390nr.1	L2	3643	5244
HPV-mEV07c390nr.1	L1	5255	6805
HPV-mFD1nr.1	E6	103	546
HPV-mFD1nr.1	E7	521	808
HPV-mFD1nr.1	E1	792	2615
HPV-mFD1nr.1	E2	2557	3744
HPV-mFD1nr.1	L2	3746	5341
HPV-mFD1nr.1	L1	5313	6848
HPV-mFD2nr.1	E6	103	528
HPV-mFD2nr.1	E7	533	823
HPV-mFD2nr.1	E1	810	2642
HPV-mFD2nr.1	E2	2578	3744
HPV-mFD2nr.1	L2	3747	5273
HPV-mFD2nr.1	L1	5282	6841
HPV-mFS1nr.1	E6	103	546
HPV-mFS1nr.1	E7	521	814
HPV-mFS1nr.1	E1	798	2603
HPV-mFS1nr.1	E2	2539	3750
HPV-mFS1nr.1	L2	3750	5279
HPV-mFS1nr.1	L1	5290	6816
HPV-mFi864nr.2	E6	346	777
HPV-mFi864nr.2	E7	764	1060
HPV-mFi864nr.2	E1	1047	2849
HPV-mFi864nr.2	E2	2785	3981
HPV-mFi864nr.2	L2	3987	5546
HPV-mFi864nr.2	L1	5557	7110
HPV-mHIVGc36nr.1	E6	1	411
HPV-mHIVGc36nr.1	E7	411	698
HPV-mHIVGc36nr.1	E1	685	2547
HPV-mHIVGc36nr.1	E2	2489	3904
HPV-mHIVGc36nr.1	L2	3994	5556
HPV-mHIVGc36nr.1	L1	5568	7103
HPV-mICB2nr.1	E6	201	623
HPV-mICB2nr.1	E7	620	904
HPV-mICB2nr.1	E1	897	2729
HPV-mICB2nr.1	E2	2671	4035
HPV-mICB2nr.1	L2	4108	5724
HPV-mICB2nr.1	L1	5736	7259
HPV-mKC5nr.1	E6	80	502
HPV-mKC5nr.1	E7	492	773
HPV-mKC5nr.1	E1	757	2559
HPV-mKC5nr.1	E2	2477	3664
HPV-mKC5nr.1	L2	3666	5201
HPV-mKC5nr.1	L1	5212	6732
HPV-mKN1nr.1	E6	103	519
HPV-mKN1nr.1	E7	521	805
HPV-mKN1nr.1	E1	789	2615
HPV-mKN1nr.1	E2	2557	3750
HPV-mKN1nr.1	L2	3752	5350
HPV-mKN1nr.1	L1	5322	6857
HPV-mKN2nr.1	E6	103	528
HPV-mKN2nr.1	E7	525	815
HPV-mKN2nr.1	E1	799	2640
HPV-mKN2nr.1	E2	2573	3754
HPV-mKN2nr.1	L2	3761	5305
HPV-mKN2nr.1	L1	5316	6872
HPV-mKN3nr.1	E6	193	627
HPV-mKN3nr.1	E7	630	926
HPV-mKN3nr.1	E1	913	2724
HPV-mKN3nr.1	E2	2660	3829
HPV-mKN3nr.1	L2	3831	5333
HPV-mKN3nr.1	L1	5342	6925
HPV-mL55nr.1	E6	349	771
HPV-mL55nr.1	E7	768	1064
HPV-mL55nr.1	E1	1051	2850
HPV-mL55nr.1	E2	2786	3967
HPV-mL55nr.1	L2	3969	5507
HPV-mL55nr.1	L1	5518	7083
HPV-mLCOSOc196nr.1	E6	1	426
HPV-mLCOSOc196nr.1	E7	423	713
HPV-mLCOSOc196nr.1	E1	697	2538
HPV-mLCOSOc196nr.1	E2	2471	3652
HPV-mLCOSOc196nr.1	L2	3659	5191
HPV-mLCOSOc196nr.1	L1	5202	6758
HPV-mSD2nr.1	E6	1	423
HPV-mSD2nr.1	E7	420	716
HPV-mSD2nr.1	E1	700	2505
HPV-mSD2nr.1	E2	2441	3667
HPV-mSD2nr.1	L2	3689	5218
HPV-mSD2nr.1	L1	5229	6770
HPV-mSE379nr.1	E6	1	420
HPV-mSE379nr.1	E7	417	707
HPV-mSE379nr.1	E1	691	2493
HPV-mSE379nr.1	E2	2417	3619
HPV-mSE379nr.1	L2	3621	5180
HPV-mSE379nr.1	L1	5192	6760
HPV-mSE383nr.1	E6	1	423
HPV-mSE383nr.1	E7	420	713
HPV-mSE383nr.1	E1	697	2508
HPV-mSE383nr.1	E2	2444	3658
HPV-mSE383nr.1	L2	3663	5228
HPV-mSE383nr.1	L1	5239	6783
HPV-mSK001nr.2	E6	1	426
HPV-mSK001nr.2	E7	423	710
HPV-mSK001nr.2	E1	703	2520
HPV-mSK001nr.2	E2	2462	3790
HPV-mSK001nr.2	L2	3855	5456
HPV-mSK001nr.2	L1	5468	6991
HPV-mSK008nr.2	E6	1	423
HPV-mSK008nr.2	E7	413	694
HPV-mSK008nr.2	E1	678	2498
HPV-mSK008nr.2	E2	2416	3603
HPV-mSK008nr.2	L2	3603	5168
HPV-mSK008nr.2	L1	5179	6702
HPV-mSK010nr.2	E6	1	432
HPV-mSK010nr.2	E7	434	730
HPV-mSK010nr.2	E1	717	2552
HPV-mSK010nr.2	E2	2494	3675
HPV-mSK010nr.2	L2	3677	5254
HPV-mSK010nr.2	L1	5265	6827
HPV-mSK011nr.2	E6	1	426
HPV-mSK011nr.2	E1	708	2516
HPV-mSK011nr.2	E2	2461	3669
HPV-mSK011nr.2	L2	3672	5186
HPV-mSK011nr.2	L1	5194	6750
HPV-mSK012nr.2	E6	1	423
HPV-mSK012nr.2	E7	420	719
HPV-mSK012nr.2	E1	703	2514
HPV-mSK012nr.2	E2	2450	3628
HPV-mSK012nr.2	L2	3630	5213
HPV-mSK012nr.2	L1	5225	6784
HPV-mSK013nr.1	E6	1	432
HPV-mSK013nr.1	E7	436	732
HPV-mSK013nr.1	E1	719	2548
HPV-mSK013nr.1	E2	2490	3662
HPV-mSK013nr.1	L2	3668	5236
HPV-mSK013nr.1	L1	5247	6806
HPV-mSK014nr.2	E6	488	910
HPV-mSK014nr.2	E7	907	1200
HPV-mSK014nr.2	E1	1187	3001
HPV-mSK014nr.2	E2	2937	4124
HPV-mSK014nr.2	L2	4126	5670
HPV-mSK014nr.2	L1	5682	7247
HPV-mSK015nr.2	E6	1	423
HPV-mSK015nr.2	E7	420	713
HPV-mSK015nr.2	E1	700	2517
HPV-mSK015nr.2	E2	2453	3652
HPV-mSK015nr.2	L2	3672	5213
HPV-mSK015nr.2	L1	5224	6774
HPV-mSK019nr.2	E6	1	414
HPV-mSK019nr.2	E7	414	698
HPV-mSK019nr.2	E1	688	2520
HPV-mSK019nr.2	E2	2462	3661
HPV-mSK019nr.2	L2	3664	5235
HPV-mSK019nr.2	L1	5246	6808
HPV-mSK020nr.2	E6	1	435
HPV-mSK020nr.2	E7	438	734
HPV-mSK020nr.2	E1	721	2532
HPV-mSK020nr.2	E2	2468	3640
HPV-mSK020nr.2	L2	3642	5150
HPV-mSK020nr.2	L1	5159	6742
HPV-mSK022nr.2	E6	1	423
HPV-mSK022nr.2	E7	420	713
HPV-mSK022nr.2	E1	697	2496
HPV-mSK022nr.2	E2	2432	3592
HPV-mSK022nr.2	L2	3589	5205
HPV-mSK022nr.2	L1	5216	6742
HPV-mSK023nr.1	E6	1	423
HPV-mSK023nr.1	E7	420	710
HPV-mSK023nr.1	E1	697	2490
HPV-mSK023nr.1	E2	2426	3592
HPV-mSK023nr.1	L2	3597	5204
HPV-mSK023nr.1	L1	5216	6736
HPV-mSK025nr.2	E6	1	411
HPV-mSK025nr.2	E1	691	2550
HPV-mSK025nr.2	E2	2492	3658
HPV-mSK025nr.2	L2	3689	5194
HPV-mSK025nr.2	L1	5205	6728
HPV-mSK027nr.1	E6	1	426
HPV-mSK027nr.1	E7	423	701
HPV-mSK027nr.1	E1	698	2518
HPV-mSK027nr.1	E2	2460	3821
HPV-mSK027nr.1	L2	3874	5463
HPV-mSK027nr.1	L1	5475	7001
HPV-mSK028nr.2	E6	1	423
HPV-mSK028nr.2	E7	420	716
HPV-mSK028nr.2	E1	703	2508
HPV-mSK028nr.2	E2	2444	3640
HPV-mSK028nr.2	L2	3674	5212
HPV-mSK028nr.2	L1	5223	6773
HPV-mSK029nr.1	E6	1	429
HPV-mSK029nr.1	E7	431	730
HPV-mSK029nr.1	E1	714	2546
HPV-mSK029nr.1	E2	2482	3681
HPV-mSK029nr.1	L2	3683	5212
HPV-mSK029nr.1	L1	5223	6776
HPV-mSK030nr.2	E6	1	423
HPV-mSK030nr.2	E7	420	719
HPV-mSK030nr.2	E1	703	2508
HPV-mSK030nr.2	E2	2444	3631
HPV-mSK030nr.2	L2	3633	5189
HPV-mSK030nr.2	L1	5200	6756
HPV-mSK034nr.2	E6	1	432
HPV-mSK034nr.2	E7	419	715
HPV-mSK034nr.2	E1	702	2495
HPV-mSK034nr.2	E2	2431	3624
HPV-mSK034nr.2	L2	3630	5186
HPV-mSK034nr.2	L1	5197	6750
HPV-mSK037nr.2	E6	1	432
HPV-mSK037nr.2	E7	422	712
HPV-mSK037nr.2	E1	699	2510
HPV-mSK037nr.2	E2	2446	3645
HPV-mSK037nr.2	L2	3663	5189
HPV-mSK037nr.2	L1	5200	6714
HPV-mSK038nr.2	E6	1	420
HPV-mSK038nr.2	E7	417	710
HPV-mSK038nr.2	E1	694	2490
HPV-mSK038nr.2	E2	2420	3604
HPV-mSK038nr.2	L2	3606	5180
HPV-mSK038nr.2	L1	5192	6772
HPV-mSK039nr.2	E6	1	420
HPV-mSK039nr.2	E7	417	698
HPV-mSK039nr.2	E1	685	2490
HPV-mSK039nr.2	E2	2417	3616
HPV-mSK039nr.2	L2	3616	5130
HPV-mSK039nr.2	L1	5141	6682
HPV-mSK040nr.1	E6	1	420
HPV-mSK040nr.1	E7	417	698
HPV-mSK040nr.1	E1	685	2493
HPV-mSK040nr.1	E2	2420	3622
HPV-mSK040nr.1	L2	3622	5133
HPV-mSK040nr.1	L1	5144	6685
HPV-mSK041nr.2	E6	1	417
HPV-mSK041nr.2	E7	417	698
HPV-mSK041nr.2	E1	682	2478
HPV-mSK041nr.2	E2	2411	3583
HPV-mSK041nr.2	L2	3585	5081
HPV-mSK041nr.2	L1	5092	6618
HPV-mSK043nr.2	E6	1	423
HPV-mSK043nr.2	E7	423	713
HPV-mSK043nr.2	E1	700	2523
HPV-mSK043nr.2	E2	2465	3874
HPV-mSK043nr.2	L2	3940	5511
HPV-mSK043nr.2	L1	5521	7059
HPV-mSK045nr.1	E6	1	423
HPV-mSK045nr.1	E7	420	719
HPV-mSK045nr.1	E1	703	2520
HPV-mSK045nr.1	E2	2456	3640
HPV-mSK045nr.1	L2	3642	5207
HPV-mSK045nr.1	L1	5219	6784
HPV-mSK046nr.2	E6	1	438
HPV-mSK046nr.2	E7	419	715
HPV-mSK046nr.2	E1	702	2519
HPV-mSK046nr.2	E2	2455	3651
HPV-mSK046nr.2	L2	3651	5204
HPV-mSK046nr.2	L1	5215	6771
HPV-mSK049nr.1	E6	1	423
HPV-mSK049nr.1	E7	420	710
HPV-mSK049nr.1	E1	697	2496
HPV-mSK049nr.1	E2	2432	3574
HPV-mSK049nr.1	L2	3571	5181
HPV-mSK049nr.1	L1	5192	6721
HPV-mSK050nr.2	E6	1	420
HPV-mSK050nr.2	E7	417	710
HPV-mSK050nr.2	E1	694	2496
HPV-mSK050nr.2	E2	2426	3622
HPV-mSK050nr.2	L2	3624	5165
HPV-mSK050nr.2	L1	5177	6757
HPV-mSK051nr.2	E6	1	432
HPV-mSK051nr.2	E7	419	715
HPV-mSK051nr.2	E1	702	2504
HPV-mSK051nr.2	E2	2440	3630
HPV-mSK051nr.2	L2	3633	5189
HPV-mSK051nr.2	L1	5200	6750
HPV-mSK054nr.2	E6	524	943
HPV-mSK054nr.2	E7	943	1248
HPV-mSK054nr.2	E1	1232	3049
HPV-mSK054nr.2	E2	2982	4154
HPV-mSK054nr.2	L2	4154	5695
HPV-mSK054nr.2	L1	5707	7227
HPV-mSK056nr.2	E6	498	929
HPV-mSK056nr.2	E7	931	1224
HPV-mSK056nr.2	E1	1208	3007
HPV-mSK056nr.2	E2	2946	4112
HPV-mSK056nr.2	L2	4115	5677
HPV-mSK056nr.2	L1	5688	7244
HPV-mSK057nr.2	E6	1	420
HPV-mSK057nr.2	E7	417	707
HPV-mSK057nr.2	E1	691	2493
HPV-mSK057nr.2	E2	2426	3610
HPV-mSK057nr.2	L2	3615	5177
HPV-mSK057nr.2	L1	5189	6760
HPV-mSK058nr.2	E6	1	423
HPV-mSK058nr.2	E7	420	710
HPV-mSK058nr.2	E1	697	2490
HPV-mSK058nr.2	E2	2426	3598
HPV-mSK058nr.2	L2	3600	5198
HPV-mSK058nr.2	L1	5209	6723
HPV-mSK061nr.2	E6	1	432
HPV-mSK061nr.2	E7	435	731
HPV-mSK061nr.2	E1	715	2529
HPV-mSK061nr.2	E2	2465	3640
HPV-mSK061nr.2	L2	3642	5147
HPV-mSK061nr.2	L1	5156	6727
HPV-mSK062nr.2	E6	1	423
HPV-mSK062nr.2	E7	420	713
HPV-mSK062nr.2	E1	700	2505
HPV-mSK062nr.2	E2	2441	3658
HPV-mSK062nr.2	L2	3675	5204
HPV-mSK062nr.2	L1	5215	6756
HPV-mSK063nr.2	E6	1	435
HPV-mSK063nr.2	E7	437	739
HPV-mSK063nr.2	E1	723	2543
HPV-mSK063nr.2	E2	2479	3654
HPV-mSK063nr.2	L2	3657	5177
HPV-mSK063nr.2	L1	5186	6766
HPV-mSK064nr.1	E6	34	462
HPV-mSK064nr.1	E7	462	755
HPV-mSK064nr.1	E1	739	2559
HPV-mSK064nr.1	E2	2495	3661
HPV-mSK064nr.1	L2	3664	5184
HPV-mSK064nr.1	L1	5193	6746
HPV-mSK065nr.1	E6	1	423
HPV-mSK065nr.1	E7	420	707
HPV-mSK065nr.1	E1	694	2493
HPV-mSK065nr.1	E2	2435	3610
HPV-mSK065nr.1	L2	3614	5179
HPV-mSK065nr.1	L1	5191	6723
HPV-mSK067nr.2	E6	1	423
HPV-mSK067nr.2	E7	420	716
HPV-mSK067nr.2	E1	703	2508
HPV-mSK067nr.2	E2	2444	3646
HPV-mSK067nr.2	L2	3673	5229
HPV-mSK067nr.2	L1	5240	6796
HPV-mSK075nr.2	E6	242	676
HPV-mSK075nr.2	E7	663	953
HPV-mSK075nr.2	E1	940	2751
HPV-mSK075nr.2	E2	2687	3880
HPV-mSK075nr.2	L2	3882	5393
HPV-mSK075nr.2	L1	5404	6930
HPV-mSK076nr.2	E6	34	459
HPV-mSK076nr.2	E7	462	755
HPV-mSK076nr.2	E1	739	2559
HPV-mSK076nr.2	E2	2495	3661
HPV-mSK076nr.2	L2	3664	5184
HPV-mSK076nr.2	L1	5193	6746
HPV-mSK078nr.1	E6	1	423
HPV-mSK078nr.1	E7	420	710
HPV-mSK078nr.1	E1	697	2487
HPV-mSK078nr.1	E2	2423	3580
HPV-mSK078nr.1	L2	3577	5196
HPV-mSK078nr.1	L1	5207	6763
HPV-mSK081nr.2	E6	1	444
HPV-mSK081nr.2	E7	419	703
HPV-mSK081nr.2	E1	690	2489
HPV-mSK081nr.2	E2	2431	3636
HPV-mSK081nr.2	L2	3638	5227
HPV-mSK081nr.2	L1	5199	6731
HPV-mSK083nr.2	E6	1	420
HPV-mSK083nr.2	E7	417	707
HPV-mSK083nr.2	E1	694	2502
HPV-mSK083nr.2	E2	2423	3616
HPV-mSK083nr.2	L2	3619	5199
HPV-mSK083nr.2	L1	5210	6757
HPV-mSK085nr.1	E7	302	598
HPV-mSK085nr.1	E1	582	2414
HPV-mSK085nr.1	E2	2350	3576
HPV-mSK085nr.1	L2	3578	5116
HPV-mSK085nr.1	L1	5128	6681
HPV-mSK085nr.1	E6	7130	7258
HPV-mSK086nr.2	E6	348	761
HPV-mSK086nr.2	E7	767	1060
HPV-mSK086nr.2	E1	1044	2867
HPV-mSK086nr.2	E2	2803	3981
HPV-mSK086nr.2	L2	3988	5496
HPV-mSK086nr.2	L1	5505	7055
HPV-mSK087nr.1	E6	178	603
HPV-mSK087nr.1	E7	614	907
HPV-mSK087nr.1	E1	891	2711
HPV-mSK087nr.1	E2	2647	3816
HPV-mSK087nr.1	L2	3819	5339
HPV-mSK087nr.1	L1	5348	6901
HPV-mSK089nr.2	E6	1	426
HPV-mSK089nr.2	E7	423	713
HPV-mSK089nr.2	E1	697	2538
HPV-mSK089nr.2	E2	2471	3652
HPV-mSK089nr.2	L2	3659	5206
HPV-mSK089nr.2	L1	5217	6773
HPV-mSK090nr.2	E6	1	435
HPV-mSK090nr.2	E7	422	712
HPV-mSK090nr.2	E1	699	2513
HPV-mSK090nr.2	E2	2449	3654
HPV-mSK090nr.2	L2	3660	5195
HPV-mSK090nr.2	L1	5206	6732
HPV-mSK091nr.1	E6	1	426
HPV-mSK091nr.1	E7	428	724
HPV-mSK091nr.1	E1	708	2510
HPV-mSK091nr.1	E2	2446	3648
HPV-mSK091nr.1	L2	3651	5171
HPV-mSK091nr.1	L1	5179	6735
HPV-mSK093nr.2	E6	1	426
HPV-mSK093nr.2	E7	423	713
HPV-mSK093nr.2	E1	697	2529
HPV-mSK093nr.2	E2	2462	3640
HPV-mSK093nr.2	L2	3646	5193
HPV-mSK093nr.2	L1	5204	6760
HPV-mSK094nr.2	E6	1	444
HPV-mSK094nr.2	E7	419	706
HPV-mSK094nr.2	E1	690	2513
HPV-mSK094nr.2	E2	2455	3633
HPV-mSK094nr.2	L2	3635	5230
HPV-mSK094nr.2	L1	5202	6746
HPV-mSK095nr.1	E6	1	435
HPV-mSK095nr.1	E7	437	739
HPV-mSK095nr.1	E1	723	2543
HPV-mSK095nr.1	E2	2479	3654
HPV-mSK095nr.1	L2	3657	5174
HPV-mSK095nr.1	L1	5183	6763
HPV-mSK096nr.1	E6	58	477
HPV-mSK096nr.1	E7	477	776
HPV-mSK096nr.1	E1	760	2598
HPV-mSK096nr.1	E2	2531	3694
HPV-mSK096nr.1	L2	3694	5229
HPV-mSK096nr.1	L1	5240	6757
HPV-mSK098nr.1	E6	1	423
HPV-mSK098nr.1	E7	420	716
HPV-mSK098nr.1	E1	703	2508
HPV-mSK098nr.1	E2	2444	3643
HPV-mSK098nr.1	L2	3671	5221
HPV-mSK098nr.1	L1	5232	6785
HPV-mSK100nr.2	E6	34	459
HPV-mSK100nr.2	E7	471	764
HPV-mSK100nr.2	E1	748	2568
HPV-mSK100nr.2	E2	2504	3676
HPV-mSK100nr.2	L2	3679	5175
HPV-mSK100nr.2	L1	5184	6734
HPV-mSK101nr.2	E6	1	420
HPV-mSK101nr.2	E7	417	701
HPV-mSK101nr.2	E1	685	2493
HPV-mSK101nr.2	E2	2426	3610
HPV-mSK101nr.2	L2	3610	5121
HPV-mSK101nr.2	L1	5134	6654
HPV-mSK102nr.2	E6	1	423
HPV-mSK102nr.2	E7	413	694
HPV-mSK102nr.2	E1	678	2477
HPV-mSK102nr.2	E2	2395	3585
HPV-mSK102nr.2	L2	3587	5104
HPV-mSK102nr.2	L1	5115	6635
HPV-mSK103nr.2	E6	1	426
HPV-mSK103nr.2	E7	416	697
HPV-mSK103nr.2	E1	684	2486
HPV-mSK103nr.2	E2	2413	3588
HPV-mSK103nr.2	L2	3588	5114
HPV-mSK103nr.2	L1	5125	6669
HPV-mSK107nr.1	E6	1	423
HPV-mSK107nr.1	E7	420	710
HPV-mSK107nr.1	E1	697	2493
HPV-mSK107nr.1	E2	2429	3601
HPV-mSK107nr.1	L2	3598	5208
HPV-mSK107nr.1	L1	5219	6742
HPV-mSK109nr.2	E6	1	420
HPV-mSK109nr.2	E7	417	698
HPV-mSK109nr.2	E1	685	2493
HPV-mSK109nr.2	E2	2420	3616
HPV-mSK109nr.2	L2	3616	5127
HPV-mSK109nr.2	L1	5138	6679
HPV-mSK111nr.2	E6	1	426
HPV-mSK111nr.2	E7	423	704
HPV-mSK111nr.2	E1	697	2511
HPV-mSK111nr.2	E2	2453	3805
HPV-mSK111nr.2	L2	3862	5460
HPV-mSK111nr.2	L1	5471	6994
HPV-mSK115nr.2	E6	1	420
HPV-mSK115nr.2	E7	417	707
HPV-mSK115nr.2	E1	694	2514
HPV-mSK115nr.2	E2	2435	3628
HPV-mSK115nr.2	L2	3636	5237
HPV-mSK115nr.2	L1	5248	6798
HPV-mSK116nr.2	E6	1	420
HPV-mSK116nr.2	E7	417	698
HPV-mSK116nr.2	E1	685	2481
HPV-mSK116nr.2	E2	2408	3604
HPV-mSK116nr.2	L2	3604	5112
HPV-mSK116nr.2	L1	5123	6667
HPV-mSK117nr.2	E6	1	423
HPV-mSK117nr.2	E7	420	713
HPV-mSK117nr.2	E1	697	2508
HPV-mSK117nr.2	E2	2444	3652
HPV-mSK117nr.2	L2	3661	5196
HPV-mSK117nr.2	L1	5207	6724
HPV-mSK118nr.2	E6	1	426
HPV-mSK118nr.2	E7	416	697
HPV-mSK118nr.2	E1	684	2489
HPV-mSK118nr.2	E2	2416	3603
HPV-mSK118nr.2	L2	3605	5113
HPV-mSK118nr.2	L1	5124	6659
HPV-mSK119nr.2	E6	1	444
HPV-mSK119nr.2	E7	419	706
HPV-mSK119nr.2	E1	690	2462
HPV-mSK119nr.2	E2	2446	3642
HPV-mSK119nr.2	L2	3644	5239
HPV-mSK119nr.2	L1	5211	6743
HPV-mSK120nr.2	E6	1	417
HPV-mSK120nr.2	E7	417	698
HPV-mSK120nr.2	E1	682	2490
HPV-mSK120nr.2	E2	2423	3613
HPV-mSK120nr.2	L2	3616	5130
HPV-mSK120nr.2	L1	5063	6673
HPV-mSK121nr.1	E6	1	426
HPV-mSK121nr.1	E7	435	725
HPV-mSK121nr.1	E1	712	2535
HPV-mSK121nr.1	E2	2471	3643
HPV-mSK121nr.1	L2	3648	5183
HPV-mSK121nr.1	L1	5192	6754
HPV-mSK126nr.2	E6	1	420
HPV-mSK126nr.2	E7	417	698
HPV-mSK126nr.2	E1	682	2475
HPV-mSK126nr.2	E2	2408	3580
HPV-mSK126nr.2	L2	3586	5136
HPV-mSK126nr.2	L1	5147	6670
HPV-mSK128nr.1	E6	1	420
HPV-mSK128nr.1	E7	417	710
HPV-mSK128nr.1	E1	694	2508
HPV-mSK128nr.1	E2	2438	3637
HPV-mSK128nr.1	L2	3649	5160
HPV-mSK128nr.1	L1	5171	6718
HPV-mSK131nr.2	E6	1	417
HPV-mSK131nr.2	E7	414	704
HPV-mSK131nr.2	E1	691	2532
HPV-mSK131nr.2	E2	2465	3712
HPV-mSK131nr.2	L2	3728	5332
HPV-mSK131nr.2	L1	5343	6893
HPV-mSK132nr.2	E6	1	441
HPV-mSK132nr.2	E7	416	706
HPV-mSK132nr.2	E1	693	2486
HPV-mSK132nr.2	E2	2422	3573
HPV-mSK132nr.2	L2	3576	5189
HPV-mSK132nr.2	L1	5200	6720
HPV-mSK138nr.2	E6	1	417
HPV-mSK138nr.2	E7	417	698
HPV-mSK138nr.2	E1	682	2490
HPV-mSK138nr.2	E2	2423	3616
HPV-mSK138nr.2	L2	3616	5127
HPV-mSK138nr.2	L1	5138	6667
HPV-mSK139nr.1	E6	1	444
HPV-mSK139nr.1	E7	416	703
HPV-mSK139nr.1	E1	687	2501
HPV-mSK139nr.1	E2	2434	3624
HPV-mSK139nr.1	L2	3624	5144
HPV-mSK139nr.1	L1	5156	6670
HPV-mSK146nr.2	E6	193	615
HPV-mSK146nr.2	E1	898	2703
HPV-mSK146nr.2	E2	2639	3829
HPV-mSK146nr.2	L2	3832	5340
HPV-mSK146nr.2	L1	5347	6900
HPV-mSK147nr.1	E6	1	420
HPV-mSK147nr.1	E7	417	707
HPV-mSK147nr.1	E1	691	2496
HPV-mSK147nr.1	E2	2423	3604
HPV-mSK147nr.1	L2	3606	5168
HPV-mSK147nr.1	L1	5180	6751
HPV-mSK150nr.2	E6	97	522
HPV-mSK150nr.2	E1	804	2603
HPV-mSK150nr.2	E2	2539	3741
HPV-mSK150nr.2	L2	3744	5264
HPV-mSK150nr.2	L1	5271	6824
HPV-mSK152nr.2	E6	440	862
HPV-mSK152nr.2	E7	859	1155
HPV-mSK152nr.2	E1	1142	2947
HPV-mSK152nr.2	E2	2883	4100
HPV-mSK152nr.2	L2	4102	5664
HPV-mSK152nr.2	L1	5676	7238
HPV-mSK155nr.1	E6	34	459
HPV-mSK155nr.1	E7	470	763
HPV-mSK155nr.1	E1	747	2567
HPV-mSK155nr.1	E2	2503	3672
HPV-mSK155nr.1	L2	3675	5195
HPV-mSK155nr.1	L1	5204	6754
HPV-mSK156nr.2	E6	1	432
HPV-mSK156nr.2	E7	419	712
HPV-mSK156nr.2	E1	696	2510
HPV-mSK156nr.2	E2	2446	3657
HPV-mSK156nr.2	L2	3669	5207
HPV-mSK156nr.2	L1	5218	6738
HPV-mSK160nr.1	E6	1	432
HPV-mSK160nr.1	E7	435	737
HPV-mSK160nr.1	E1	721	2547
HPV-mSK160nr.1	E2	2483	3673
HPV-mSK160nr.1	L2	3675	5171
HPV-mSK160nr.1	L1	5180	6751
HPV-mSK164nr.1	E6	1	426
HPV-mSK164nr.1	E7	423	704
HPV-mSK164nr.1	E1	697	2514
HPV-mSK164nr.1	E2	2456	3823
HPV-mSK164nr.1	L2	3898	5490
HPV-mSK164nr.1	L1	5502	7025
HPV-mSK165nr.2	E6	1	444
HPV-mSK165nr.2	E7	419	706
HPV-mSK165nr.2	E1	690	2465
HPV-mSK165nr.2	E2	2449	3639
HPV-mSK165nr.2	L2	3642	5240
HPV-mSK165nr.2	L1	5212	6744
HPV-mSK166nr.2	E6	1	444
HPV-mSK166nr.2	E7	419	706
HPV-mSK166nr.2	E1	690	2516
HPV-mSK166nr.2	E2	2458	3633
HPV-mSK166nr.2	L2	3635	5224
HPV-mSK166nr.2	L1	5196	6740
HPV-mSK167nr.2	E6	1	432
HPV-mSK167nr.2	E7	435	734
HPV-mSK167nr.2	E1	715	2532
HPV-mSK167nr.2	E2	2468	3643
HPV-mSK167nr.2	L2	3643	5142
HPV-mSK167nr.2	L1	5151	6725
HPV-mSK168nr.1	E6	1	420
HPV-mSK168nr.1	E7	417	698
HPV-mSK168nr.1	E1	685	2490
HPV-mSK168nr.1	E2	2417	3604
HPV-mSK168nr.1	L2	3604	5106
HPV-mSK168nr.1	L1	5117	6658
HPV-mSK169nr.2	E6	1	444
HPV-mSK169nr.2	E7	419	703
HPV-mSK169nr.2	E1	687	2456
HPV-mSK169nr.2	E2	2440	3639
HPV-mSK169nr.2	L2	3641	5236
HPV-mSK169nr.2	L1	5208	6740
HPV-mSK170nr.2	E6	1	423
HPV-mSK170nr.2	E7	420	713
HPV-mSK170nr.2	E1	697	2490
HPV-mSK170nr.2	E2	2426	3598
HPV-mSK170nr.2	L2	3608	5197
HPV-mSK170nr.2	L1	5208	6722
HPV-mSK171nr.2	E6	1	423
HPV-mSK171nr.2	E7	420	716
HPV-mSK171nr.2	E1	700	2511
HPV-mSK171nr.2	E2	2447	3637
HPV-mSK171nr.2	L2	3646	5199
HPV-mSK171nr.2	L1	5211	6773
HPV-mSK173nr.2	E6	1	420
HPV-mSK173nr.2	E7	417	692
HPV-mSK173nr.2	E1	676	2475
HPV-mSK173nr.2	E2	2402	3589
HPV-mSK173nr.2	L2	3591	5129
HPV-mSK173nr.2	L1	5140	6666
HPV-mSK174nr.2	E6	1	429
HPV-mSK174nr.2	E7	419	709
HPV-mSK174nr.2	E1	696	2489
HPV-mSK174nr.2	E2	2425	3597
HPV-mSK174nr.2	L2	3594	5195
HPV-mSK174nr.2	L1	5206	6732
HPV-mSK176nr.1	E6	1	423
HPV-mSK176nr.1	E7	426	722
HPV-mSK176nr.1	E1	706	2511
HPV-mSK176nr.1	E2	2447	3640
HPV-mSK176nr.1	L2	3643	5154
HPV-mSK176nr.1	L1	5161	6714
HPV-mSK183nr.2	E6	1	423
HPV-mSK183nr.2	E7	420	710
HPV-mSK183nr.2	E1	697	2475
HPV-mSK183nr.2	E2	2411	3562
HPV-mSK183nr.2	L2	3559	5175
HPV-mSK183nr.2	L1	5186	6712
HPV-mSK185nr.2	E6	1	423
HPV-mSK185nr.2	E7	420	716
HPV-mSK185nr.2	E1	700	2526
HPV-mSK185nr.2	E2	2462	3655
HPV-mSK185nr.2	L2	3663	5243
HPV-mSK185nr.2	L1	5254	6780
HPV-mSK186nr.2	E6	1	429
HPV-mSK186nr.2	E7	431	730
HPV-mSK186nr.2	E1	714	2543
HPV-mSK186nr.2	E2	2479	3669
HPV-mSK186nr.2	L2	3672	5201
HPV-mSK186nr.2	L1	5212	6759
HPV-mSK189nr.2	E6	1	444
HPV-mSK189nr.2	E7	419	703
HPV-mSK189nr.2	E1	690	2489
HPV-mSK189nr.2	E2	2431	3639
HPV-mSK189nr.2	L2	3641	5230
HPV-mSK189nr.2	L1	5202	6734
HPV-mSK190nr.2	E6	1	423
HPV-mSK190nr.2	E7	420	716
HPV-mSK190nr.2	E1	700	2526
HPV-mSK190nr.2	E2	2462	3652
HPV-mSK190nr.2	L2	3655	5196
HPV-mSK190nr.2	L1	5207	6772
HPV-mSK191nr.1	E6	1	426
HPV-mSK191nr.1	E7	428	724
HPV-mSK191nr.1	E1	708	2525
HPV-mSK191nr.1	E2	2461	3651
HPV-mSK191nr.1	L2	3651	5183
HPV-mSK191nr.1	L1	5184	6734
HPV-mSK192nr.1	E6	1	444
HPV-mSK192nr.1	E7	419	706
HPV-mSK192nr.1	E1	690	2513
HPV-mSK192nr.1	E2	2455	3633
HPV-mSK192nr.1	L2	3635	5230
HPV-mSK192nr.1	L1	5202	6746
HPV-mSK197nr.2	E6	1	423
HPV-mSK197nr.2	E7	420	725
HPV-mSK197nr.2	E1	709	2529
HPV-mSK197nr.2	E2	2462	3637
HPV-mSK197nr.2	L2	3637	5175
HPV-mSK197nr.2	L1	5188	6708
HPV-mSK199nr.2	E6	1	423
HPV-mSK199nr.2	E7	420	719
HPV-mSK199nr.2	E1	703	2514
HPV-mSK199nr.2	E2	2450	3622
HPV-mSK199nr.2	L2	3624	5207
HPV-mSK199nr.2	L1	5219	6778
HPV-mSK202nr.2	E6	1	423
HPV-mSK202nr.2	E7	413	694
HPV-mSK202nr.2	E1	678	2483
HPV-mSK202nr.2	E2	2401	3591
HPV-mSK202nr.2	L2	3593	5161
HPV-mSK202nr.2	L1	5172	6701
HPV-mSK204nr.1	E6	1	444
HPV-mSK204nr.1	E7	416	712
HPV-mSK204nr.1	E1	696	2522
HPV-mSK204nr.1	E2	2455	3657
HPV-mSK204nr.1	L2	3657	5186
HPV-mSK204nr.1	L1	5197	6726
HPV-mSK205nr.2	E6	1	420
HPV-mSK205nr.2	E7	417	710
HPV-mSK205nr.2	E1	694	2490
HPV-mSK205nr.2	E2	2423	3619
HPV-mSK205nr.2	L2	3619	5145
HPV-mSK205nr.2	L1	5157	6668
HPV-mSK206nr.2	E6	1	417
HPV-mSK206nr.2	E7	414	695
HPV-mSK206nr.2	E1	679	2472
HPV-mSK206nr.2	E2	2405	3589
HPV-mSK206nr.2	L2	3589	5115
HPV-mSK206nr.2	L1	5126	6658
HPV-mSK209nr.2	E6	1	411
HPV-mSK209nr.2	E7	408	707
HPV-mSK209nr.2	E1	697	2526
HPV-mSK209nr.2	E2	2468	3886
HPV-mSK209nr.2	L2	3950	5512
HPV-mSK209nr.2	L1	5524	7062
HPV-mSK210nr.2	E6	1	420
HPV-mSK210nr.2	E7	417	710
HPV-mSK210nr.2	E1	691	2508
HPV-mSK210nr.2	E2	2438	3646
HPV-mSK210nr.2	L2	3664	5172
HPV-mSK210nr.2	L1	5183	6724
HPV-mSK211nr.2	E6	1	438
HPV-mSK211nr.2	E7	419	715
HPV-mSK211nr.2	E1	702	2504
HPV-mSK211nr.2	E2	2440	3624
HPV-mSK211nr.2	L2	3624	5177
HPV-mSK211nr.2	L1	5188	6747
HPV-mSK216nr.2	E6	1	414
HPV-mSK216nr.2	E7	419	700
HPV-mSK216nr.2	E1	690	2543
HPV-mSK216nr.2	E2	2485	3693
HPV-mSK216nr.2	L2	3700	5259
HPV-mSK216nr.2	L1	5270	6817
HPV-mSK217nr.2	E6	1	423
HPV-mSK217nr.2	E7	420	710
HPV-mSK217nr.2	E1	697	2487
HPV-mSK217nr.2	E2	2423	3598
HPV-mSK217nr.2	L2	3595	5190
HPV-mSK217nr.2	L1	5201	6724
HPV-mSK218nr.2	E6	1	420
HPV-mSK218nr.2	E7	417	698
HPV-mSK218nr.2	E1	682	2475
HPV-mSK218nr.2	E2	2408	3580
HPV-mSK218nr.2	L2	3586	5121
HPV-mSK218nr.2	L1	5132	6658
HPV-mSK219nr.2	E6	1	480
HPV-mSK219nr.2	E7	470	781
HPV-mSK219nr.2	E1	768	2585
HPV-mSK219nr.2	E2	2527	4068
HPV-mSK219nr.2	L2	4158	5714
HPV-mSK219nr.2	L1	5726	7273
HPV-mSK227nr.1	E6	1	444
HPV-mSK227nr.1	E7	419	703
HPV-mSK227nr.1	E1	687	2459
HPV-mSK227nr.1	E2	2443	3642
HPV-mSK227nr.1	L2	3644	5239
HPV-mSK227nr.1	L1	5211	6743
HPV-mSK229nr.1	E6	1	423
HPV-mSK229nr.1	E7	420	713
HPV-mSK229nr.1	E1	700	2517
HPV-mSK229nr.1	E2	2453	3643
HPV-mSK229nr.1	L2	3673	5211
HPV-mSK229nr.1	L1	5222	6769
HPV-mSK231nr.2	E6	1	420
HPV-mSK231nr.2	E7	417	707
HPV-mSK231nr.2	E1	694	2490
HPV-mSK231nr.2	E2	2414	3607
HPV-mSK231nr.2	L2	3607	5166
HPV-mSK231nr.2	L1	5178	6719
HPV-mSK238nr.2	E6	1	420
HPV-mSK238nr.2	E7	417	698
HPV-mSK238nr.2	E1	685	2490
HPV-mSK238nr.2	E2	2417	3607
HPV-mSK238nr.2	L2	3607	5121
HPV-mSK238nr.2	L1	5132	6673
HPV-mSK239nr.1	E6	1	423
HPV-mSK239nr.1	E7	420	719
HPV-mSK239nr.1	E1	703	2541
HPV-mSK239nr.1	E2	2474	3640
HPV-mSK239nr.1	L2	3642	5171
HPV-mSK239nr.1	L1	5183	6709
HPV-mSK240nr.2	E6	1	420
HPV-mSK240nr.2	E7	417	698
HPV-mSK240nr.2	E1	685	2490
HPV-mSK240nr.2	E2	2417	3610
HPV-mSK240nr.2	L2	3610	5115
HPV-mSK240nr.2	L1	5126	6667
HPV-mSK241nr.2	E6	1	420
HPV-mSK241nr.2	E7	420	719
HPV-mSK241nr.2	E1	703	2511
HPV-mSK241nr.2	E2	2447	3634
HPV-mSK241nr.2	L2	3644	5215
HPV-mSK241nr.2	L1	5226	6782
HPV-mSK242nr.2	E6	1	423
HPV-mSK242nr.2	E7	420	719
HPV-mSK242nr.2	E1	703	2547
HPV-mSK242nr.2	E2	2480	3646
HPV-mSK242nr.2	L2	3646	5181
HPV-mSK242nr.2	L1	5193	6725
HPV-mSK244nr.2	E6	25	444
HPV-mSK244nr.2	E7	441	725
HPV-mSK244nr.2	E1	712	2526
HPV-mSK244nr.2	E2	2468	3622
HPV-mSK244nr.2	L2	3625	5157
HPV-mSK244nr.2	L1	5168	6724
HPV-mSK245nr.2	E6	1	426
HPV-mSK245nr.2	E7	423	704
HPV-mSK245nr.2	E1	688	2496
HPV-mSK245nr.2	E2	2429	3610
HPV-mSK245nr.2	L2	3610	5124
HPV-mSK245nr.2	L1	5136	6650
HPV-mSK246nr.2	E6	1	438
HPV-mSK246nr.2	E7	419	712
HPV-mSK246nr.2	E1	693	2480
HPV-mSK246nr.2	E2	2416	3603
HPV-mSK246nr.2	L2	3603	5147
HPV-mSK246nr.2	L1	5159	6697
HPV-mSK249nr.2	E6	1	429
HPV-mSK249nr.2	E7	419	715
HPV-mSK249nr.2	E1	696	2483
HPV-mSK249nr.2	E2	2419	3603
HPV-mSK249nr.2	L2	3603	5147
HPV-mSK249nr.2	L1	5159	6697
HPV-mSK250nr.2	E6	1	423
HPV-mSK250nr.2	E7	420	719
HPV-mSK250nr.2	E1	703	2538
HPV-mSK250nr.2	E2	2465	3655
HPV-mSK250nr.2	L2	3662	5209
HPV-mSK250nr.2	L1	5221	6759
HPV-mTG550nr.1	E6	1	420
HPV-mTG550nr.1	E7	420	725
HPV-mTG550nr.1	E1	709	2526
HPV-mTG550nr.1	E2	2459	3631
HPV-mTG550nr.1	L2	3632	5146
HPV-mTG550nr.1	L1	5157	6677
HPV-mTVMBSFc09nr.1	E6	22	447
HPV-mTVMBSFc09nr.1	E7	444	746
HPV-mTVMBSFc09nr.1	E1	733	2556
HPV-mTVMBSFc09nr.1	E2	2498	3799
HPV-mTVMBSFc09nr.1	L2	3864	5459
HPV-mTVMBSFc09nr.1	L1	5470	6990
HPV-mTVMBSGc529nr.1	E6	1	420
HPV-mTVMBSGc529nr.1	E7	417	710
HPV-mTVMBSGc529nr.1	E1	697	2514
HPV-mTVMBSGc529nr.1	E2	2435	3631
HPV-mTVMBSGc529nr.1	L2	3633	5234
HPV-mTVMBSGc529nr.1	L1	5245	6786
HPV-mTVMBSGc2024nr.1	E6	1	417
HPV-mTVMBSGc2024nr.1	E7	414	692
HPV-mTVMBSGc2024nr.1	E1	682	2520
HPV-mTVMBSGc2024nr.1	E2	2462	3874
HPV-mTVMBSGc2024nr.1	L2	3931	5502
HPV-mTVMBSGc2024nr.1	L1	5513	7048
HPV-mTVMBSGc2450nr.1	E6	100	522
HPV-mTVMBSGc2450nr.1	E7	519	824
HPV-mTVMBSGc2450nr.1	E1	808	2613
HPV-mTVMBSGc2450nr.1	E2	2546	3745
HPV-mTVMBSGc2450nr.1	L2	3761	5302
HPV-mTVMBSGc2450nr.1	L1	5314	6846
HPV-mTVMBSHc13nr.1	E6	1	423
HPV-mTVMBSHc13nr.1	E7	420	716
HPV-mTVMBSHc13nr.1	E1	703	2508
HPV-mTVMBSHc13nr.1	E2	2444	3667
HPV-mTVMBSHc13nr.1	L2	3696	5249
HPV-mTVMBSHc13nr.1	L1	5260	6816
HPV-mTVMBSHc33nr.1	E6	1	420
HPV-mTVMBSHc33nr.1	E7	417	707
HPV-mTVMBSHc33nr.1	E1	691	2487
HPV-mTVMBSHc33nr.1	E2	2420	3607
HPV-mTVMBSHc33nr.1	L2	3609	5189
HPV-mTVMBSHc33nr.1	L1	5201	6775
HPV-mTVMBSWc141nr.1	E6	1	420
HPV-mTVMBSWc141nr.1	E7	420	716
HPV-mTVMBSWc141nr.1	E1	703	2508
HPV-mTVMBSWc141nr.1	E2	2444	3649
HPV-mTVMBSWc141nr.1	L2	3677	5230
HPV-mTVMBSWc141nr.1	L1	5241	6794
HPV-mZJ01nr.1	E6	1	423
HPV-mZJ01nr.1	E7	420	725
HPV-mZJ01nr.1	E1	709	2514
HPV-mZJ01nr.1	E2	2447	3640
HPV-mZJ01nr.1	L2	3646	5169
HPV-mZJ01nr.1	L1	5180	6703
HPV-md01c06nr.1	E6	1	411
HPV-md01c06nr.1	E7	413	694
HPV-md01c06nr.1	E1	694	2544
HPV-md01c06nr.1	E2	2486	3652
HPV-md01c06nr.1	L2	3678	5189
HPV-md01c06nr.1	L1	5200	6717
HPV-mdo1c02nr.1	E6	1	438
HPV-mdo1c02nr.1	E7	419	718
HPV-mdo1c02nr.1	E1	702	2504
HPV-mdo1c02nr.1	E2	2440	3627
HPV-mdo1c02nr.1	L2	3627	5180
HPV-mdo1c02nr.1	L1	5191	6750
HPV-mdo1c232nr.1	E6	1	420
HPV-mdo1c232nr.1	E7	417	710
HPV-mdo1c232nr.1	E1	694	2496
HPV-mdo1c232nr.1	E2	2426	3613
HPV-mdo1c232nr.1	L2	3615	5177
HPV-mdo1c232nr.1	L1	5189	6772
HPV-mga2c01nr.1	E6	1	444
HPV-mga2c01nr.1	E7	419	712
HPV-mga2c01nr.1	E1	696	2519
HPV-mga2c01nr.1	E2	2455	3666
HPV-mga2c01nr.1	L2	3678	5213
HPV-mga2c01nr.1	L1	5224	6741
HPV-mga2c70nr.1	E6	1	426
HPV-mga2c70nr.1	E7	423	683
HPV-mga2c70nr.1	E1	667	2499
HPV-mga2c70nr.1	E2	2432	3628
HPV-mga2c70nr.1	L2	3631	5187
HPV-mga2c70nr.1	L1	5198	6757
HPV-mm090c09nr.1	E6	22	444
HPV-mm090c09nr.1	E7	441	743
HPV-mm090c09nr.1	E1	730	2547
HPV-mm090c09nr.1	E2	2489	3808
HPV-mm090c09nr.1	L2	3871	5460
HPV-mm090c09nr.1	L1	5471	6997
HPV-mm090c10nr.1	E6	1	438
HPV-mm090c10nr.1	E7	419	712
HPV-mm090c10nr.1	E1	696	2510
HPV-mm090c10nr.1	E2	2446	3657
HPV-mm090c10nr.1	L2	3657	5195
HPV-mm090c10nr.1	L1	5206	6726
HPV-mm090c145nr.1	E6	1	423
HPV-mm090c145nr.1	E7	420	716
HPV-mm090c145nr.1	E1	703	2508
HPV-mm090c145nr.1	E2	2444	3646
HPV-mm090c145nr.1	L2	3673	5226
HPV-mm090c145nr.1	L1	5237	6793
HPV-mm090c66nr.1	E6	1	447
HPV-mm090c66nr.1	E7	419	706
HPV-mm090c66nr.1	E1	690	2510
HPV-mm090c66nr.1	E2	2452	3654
HPV-mm090c66nr.1	L2	3656	5248
HPV-mm090c66nr.1	L1	5220	6752
HPV-mm292c100nr.1	E6	1	417
HPV-mm292c100nr.1	E7	414	689
HPV-mm292c100nr.1	E1	679	2517
HPV-mm292c100nr.1	E2	2459	3883
HPV-mm292c100nr.1	L2	3933	5504
HPV-mm292c100nr.1	L1	5515	7050
HPV-mm292c14nr.1	E6	1	426
HPV-mm292c14nr.1	E7	423	713
HPV-mm292c14nr.1	E1	700	2520
HPV-mm292c14nr.1	E2	2462	3757
HPV-mm292c14nr.1	L2	3836	5395
HPV-mm292c14nr.1	L1	5406	6929
HPV-mm292c88nr.1	E6	1	426
HPV-mm292c88nr.1	E7	423	731
HPV-mm292c88nr.1	E1	721	2538
HPV-mm292c88nr.1	E2	2480	3859
HPV-mm292c88nr.1	L2	3922	5490
HPV-mm292c88nr.1	L1	5502	7028
HPV-mw02c24anr.1	E7	1	309
HPV-mw02c24anr.1	E1	290	2155
HPV-mw02c24anr.1	E2	2097	3272
HPV-mw02c24anr.1	L2	3355	4929
HPV-mw02c24anr.1	L1	4940	6490
HPV-mw07c34dnr.1	E6	1	423
HPV-mw07c34dnr.1	E7	420	716
HPV-mw07c34dnr.1	E1	700	2529
HPV-mw07c34dnr.1	E2	2465	3655
HPV-mw07c34dnr.1	L2	3657	5204
HPV-mw07c34dnr.1	L1	5215	6777
HPV-mw07c68bnr.1	E6	1	420
HPV-mw07c68bnr.1	E7	417	713
HPV-mw07c68bnr.1	E1	697	2496
HPV-mw07c68bnr.1	E2	2429	3613
HPV-mw07c68bnr.1	L2	3615	5141
HPV-mw07c68bnr.1	L1	5152	6669
HPV-mw11C24nr.1	E6	34	459
HPV-mw11C24nr.1	E7	461	760
HPV-mw11C24nr.1	E1	741	2543
HPV-mw11C24nr.1	E2	2479	3657
HPV-mw11C24nr.1	L2	3660	5171
HPV-mw11C24nr.1	L1	5180	6721
HPV-mw11C39nr.1	E6	1	426
HPV-mw11C39nr.1	E1	708	2516
HPV-mw11C39nr.1	E2	2452	3642
HPV-mw11C39nr.1	L2	3644	5170
HPV-mw11C39nr.1	L1	5178	6740
HPV-mw11C51nr.1	E6	1	426
HPV-mw11C51nr.1	E7	423	713
HPV-mw11C51nr.1	E1	700	2490
HPV-mw11C51nr.1	E2	2426	3580
HPV-mw11C51nr.1	L2	3577	5187
HPV-mw11C51nr.1	L1	5198	6724
HPV-mw11c13nr.1	E6	25	444
HPV-mw11c13nr.1	E7	441	719
HPV-mw11c13nr.1	E1	703	2502
HPV-mw11c13nr.1	E2	2435	3616
HPV-mw11c13nr.1	L2	3626	5170
HPV-mw11c13nr.1	L1	5181	6707
HPV-mw18c07nr.1	E6	1	423
HPV-mw18c07nr.1	E7	420	713
HPV-mw18c07nr.1	E1	703	2502
HPV-mw18c07nr.1	E2	2438	3625
HPV-mw18c07nr.1	L2	3627	5186
HPV-mw18c07nr.1	L1	5198	6748
HPV-mw18c11dnr.1	E6	1	423
HPV-mw18c11dnr.1	E7	420	719
HPV-mw18c11dnr.1	E1	709	2508
HPV-mw18c11dnr.1	E2	2441	3652
HPV-mw18c11dnr.1	L2	3665	5197
HPV-mw18c11dnr.1	L1	5210	6736
HPV-mw18c134nr.1	E6	1	423
HPV-mw18c134nr.1	E7	420	713
HPV-mw18c134nr.1	E1	700	2520
HPV-mw18c134nr.1	E2	2456	3649
HPV-mw18c134nr.1	L2	3677	5215
HPV-mw18c134nr.1	L1	5226	6776
HPV-mw18c25nr.1	E6	1	432
HPV-mw18c25nr.1	E7	435	731
HPV-mw18c25nr.1	E1	712	2535
HPV-mw18c25nr.1	E2	2471	3640
HPV-mw18c25nr.1	L2	3643	5148
HPV-mw18c25nr.1	L1	5157	6731
HPV-mw18c39nr.1	E6	115	537
HPV-mw18c39nr.1	E7	534	830
HPV-mw18c39nr.1	E1	817	2622
HPV-mw18c39nr.1	E2	2558	3739
HPV-mw18c39nr.1	L2	3741	5294
HPV-mw18c39nr.1	L1	5305	6870
HPV-mw20c01anr.1	E6	1	411
HPV-mw20c01anr.1	E7	413	697
HPV-mw20c01anr.1	E1	687	2525
HPV-mw20c01anr.1	E2	2467	3681
HPV-mw20c01anr.1	L2	3684	5249
HPV-mw20c01anr.1	L1	5260	6813
HPV-mw20c01bnr.1	E6	1	420
HPV-mw20c01bnr.1	E7	417	710
HPV-mw20c01bnr.1	E1	697	2514
HPV-mw20c01bnr.1	E2	2435	3607
HPV-mw20c01bnr.1	L2	3610	5202
HPV-mw20c01bnr.1	L1	5213	6763
HPV-mw20c02cnr.1	E6	1	417
HPV-mw20c02cnr.1	E7	414	701
HPV-mw20c02cnr.1	E1	691	2532
HPV-mw20c02cnr.1	E2	2483	3703
HPV-mw20c02cnr.1	L2	3721	5319
HPV-mw20c02cnr.1	L1	5330	6880
HPV-mw20c03anr.1	E6	1	435
HPV-mw20c03anr.1	E7	437	733
HPV-mw20c03anr.1	E1	720	2531
HPV-mw20c03anr.1	E2	2467	3639
HPV-mw20c03anr.1	L2	3642	5141
HPV-mw20c03anr.1	L1	5150	6733
HPV-mw20c04nr.1	E6	1	423
HPV-mw20c04nr.1	E7	420	707
HPV-mw20c04nr.1	E1	694	2493
HPV-mw20c04nr.1	E2	2435	3616
HPV-mw20c04nr.1	L2	3622	5190
HPV-mw20c04nr.1	L1	5202	6740
HPV-mw20c08anr.1	E6	1	423
HPV-mw20c08anr.1	E7	420	716
HPV-mw20c08anr.1	E1	703	2508
HPV-mw20c08anr.1	E2	2444	3622
HPV-mw20c08anr.1	L2	3624	5186
HPV-mw20c08anr.1	L1	5198	6757
HPV-mw20c09nr.1	E6	1	414
HPV-mw20c09nr.1	E7	419	700
HPV-mw20c09nr.1	E1	690	2543
HPV-mw20c09nr.1	E2	2485	3687
HPV-mw20c09nr.1	L2	3696	5255
HPV-mw20c09nr.1	L1	5266	6807
HPV-mw20c10anr.1	E6	49	471
HPV-mw20c10anr.1	E7	468	764
HPV-mw20c10anr.1	E1	748	2562
HPV-mw20c10anr.1	E2	2498	3712
HPV-mw20c10anr.1	L2	3724	5250
HPV-mw20c10anr.1	L1	5261	6808
HPV-mw21c693nr.1	E6	1	423
HPV-mw21c693nr.1	E7	420	716
HPV-mw21c693nr.1	E1	703	2508
HPV-mw21c693nr.1	E2	2444	3622
HPV-mw21c693nr.1	L2	3624	5189
HPV-mw21c693nr.1	L1	5201	6760
HPV-mw22c09nr.1	E6	1	447
HPV-mw22c09nr.1	E7	419	706
HPV-mw22c09nr.1	E1	690	2513
HPV-mw22c09nr.1	E2	2455	3657
HPV-mw22c09nr.1	L2	3659	5236
HPV-mw22c09nr.1	L1	5208	6740
HPV-mw23c08cnr.1	E6	1	423
HPV-mw23c08cnr.1	E7	426	713
HPV-mw23c08cnr.1	E1	700	2526
HPV-mw23c08cnr.1	E2	2462	3634
HPV-mw23c08cnr.1	L2	3655	5202
HPV-mw23c08cnr.1	L1	5215	6747
HPV-mw23c101cnr.1	E6	1	426
HPV-mw23c101cnr.1	E7	428	724
HPV-mw23c101cnr.1	E1	708	2522
HPV-mw23c101cnr.1	E2	2458	3657
HPV-mw23c101cnr.1	L2	3659	5176
HPV-mw23c101cnr.1	L1	5184	6749
HPV-mw23c77nr.1	E6	1	417
HPV-mw23c77nr.1	E7	417	698
HPV-mw23c77nr.1	E1	682	2478
HPV-mw23c77nr.1	E2	2411	3586
HPV-mw23c77nr.1	L2	3588	5096
HPV-mw23c77nr.1	L1	5107	6633
HPV-mw27c03anr.1	E6	1	417
HPV-mw27c03anr.1	E7	414	704
HPV-mw27c03anr.1	E1	688	2538
HPV-mw27c03anr.1	E2	2480	3685
HPV-mw27c03anr.1	L2	3687	5291
HPV-mw27c03anr.1	L1	5302	6849
HPV-mw27c04cnr.1	E6	1	429
HPV-mw27c04cnr.1	E7	431	730
HPV-mw27c04cnr.1	E1	714	2546
HPV-mw27c04cnr.1	E2	2482	3672
HPV-mw27c04cnr.1	L2	3675	5198
HPV-mw27c04cnr.1	L1	5209	6759
HPV-mw27c157cnr.1	E6	1	426
HPV-mw27c157cnr.1	E7	423	713
HPV-mw27c157cnr.1	E1	700	2532
HPV-mw27c157cnr.1	E2	2465	3637
HPV-mw27c157cnr.1	L2	3638	5161
HPV-mw27c157cnr.1	L1	5172	6725
HPV-mw27c39cnr.1	E6	1	426
HPV-mw27c39cnr.1	E1	708	2501
HPV-mw27c39cnr.1	E2	2437	3624
HPV-mw27c39cnr.1	L2	3627	5150
HPV-mw27c39cnr.1	L1	5151	6704
HPV-mw34c04anr.1	E6	1	426
HPV-mw34c04anr.1	E7	423	716
HPV-mw34c04anr.1	E1	700	2532
HPV-mw34c04anr.1	E2	2465	3634
HPV-mw34c04anr.1	L2	3636	5144
HPV-mw34c04anr.1	L1	5155	6708
HPV-mw34c11anr.1	E6	166	582
HPV-mw34c11anr.1	E7	582	863
HPV-mw34c11anr.1	E1	847	2658
HPV-mw34c11anr.1	E2	2591	3781
HPV-mw34c11anr.1	L2	3786	5300
HPV-mw34c11anr.1	L1	5311	6840
HPV-mw34c14anr.1	E6	1	426
HPV-mw34c14anr.1	E7	428	724
HPV-mw34c14anr.1	E1	708	2522
HPV-mw34c14anr.1	E2	2458	3657
HPV-mw34c14anr.1	L2	3660	5165
HPV-mw34c14anr.1	L1	5172	6725
HPV-mw34c28anr.1	E6	1	444
HPV-mw34c28anr.1	E7	419	706
HPV-mw34c28anr.1	E1	690	2513
HPV-mw34c28anr.1	E2	2455	3639
HPV-mw34c28anr.1	L2	3641	5242
HPV-mw34c28anr.1	L1	5214	6752
HPV-mw34c34anr.1	E6	1	423
HPV-mw34c34anr.1	E7	420	710
HPV-mw34c34anr.1	E1	697	2490
HPV-mw34c34anr.1	E2	2426	3592
HPV-mw34c34anr.1	L2	3594	5192
HPV-mw34c34anr.1	L1	5203	6720
HPV-mwg1c05nr.1	E6	1	423
HPV-mwg1c05nr.1	E7	420	716
HPV-mwg1c05nr.1	E1	703	2514
HPV-mwg1c05nr.1	E2	2450	3634
HPV-mwg1c05nr.1	L2	3637	5214
HPV-mwg1c05nr.1	L1	5226	6785
HPV-mwg1c09nr.1	E6	1	423
HPV-mwg1c09nr.1	E7	420	713
HPV-mwg1c09nr.1	E1	700	2505
HPV-mwg1c09nr.1	E2	2441	3658
HPV-mwg1c09nr.1	L2	3676	5196
HPV-mwg1c09nr.1	L1	5207	6745
